date,CNY_US,JPY_US,GBP_US,US_EURO,
1/2/12,,,,,
1/3/12,6.294,76.67,1.5655,0.7656,
1/4/12,6.2941,76.68,1.5638,0.7734,
1/5/12,6.3013,77.18,1.548,0.7823,
1/6/12,6.3088,77.06,1.5431,0.786,
1/9/12,6.3143,76.88,1.5436,0.7846,
1/10/12,6.3141,76.84,1.5489,0.7824,
1/11/12,6.3149,76.9,1.5325,0.7883,
1/12/12,6.3177,76.76,1.5325,0.7802,
1/13/12,6.3065,76.9,1.5301,0.7885,
1/16/12,,,,,
1/17/12,6.3136,76.8,1.5356,0.7849,
1/18/12,6.3109,76.81,1.541,0.7797,
1/19/12,6.3162,77.23,1.5484,0.773,
1/20/12,6.333,76.97,1.554,0.7723,
1/23/12,6.333,76.92,1.5582,0.7672,
1/24/12,6.333,77.78,1.5595,0.769,
1/25/12,6.333,78.13,1.557,0.7705,
1/26/12,6.333,77.47,1.5706,0.7603,
1/27/12,6.333,76.68,1.5716,0.758,
1/30/12,6.331,76.28,1.569,0.762,
1/31/12,6.308,76.34,1.5754,0.7661,
2/1/12,6.3076,76.11,1.5849,0.7588,
2/2/12,6.3017,76.13,1.5813,0.7595,
2/3/12,6.3027,76.54,1.5779,0.763,
2/6/12,6.312,76.54,1.5832,0.7616,
2/7/12,6.3046,76.88,1.5891,0.7551,
2/8/12,6.2938,76.9,1.582,0.7545,
2/9/12,6.2947,77.42,1.5838,0.752,
2/10/12,6.2991,77.57,1.5748,0.7583,
2/13/12,6.2972,77.52,1.578,0.7569,
2/14/12,6.2995,78.39,1.5691,0.7605,
2/15/12,6.2998,78.22,1.571,0.7641,
2/16/12,6.3014,78.77,1.5795,0.7628,
2/17/12,6.2985,79.33,1.5813,0.7605,
2/20/12,,,,,
2/21/12,6.296,79.73,1.5796,0.7544,
2/22/12,6.296,80.3,1.5677,0.7547,
2/23/12,6.298,80.21,1.57,0.7514,
2/24/12,6.2976,80.88,1.5869,0.7428,
2/27/12,6.3012,80.42,1.5845,0.7457,
2/28/12,6.2989,80.44,1.5887,0.7434,
2/29/12,6.2935,81.1,1.5951,0.7486,
3/1/12,6.3001,81.16,1.5953,0.7508,
3/2/12,6.2982,81.56,1.5852,0.7575,
3/5/12,6.3066,81.43,1.587,0.7561,
3/6/12,6.3082,80.86,1.572,0.7625,
3/7/12,6.3097,81.06,1.5746,0.7605,
3/8/12,6.3159,81.5,1.5822,0.7544,
3/9/12,6.3109,82.59,1.5677,0.7629,
3/12/12,6.3258,82.21,1.5615,0.761,
3/13/12,6.3266,82.66,1.5736,0.7628,
3/14/12,6.3315,83.78,1.5686,0.7678,
3/15/12,6.3282,83.28,1.5669,0.7651,
3/16/12,6.3222,83.34,1.5845,0.7592,
3/19/12,6.3191,83.31,1.5894,0.7552,
3/20/12,6.3203,83.62,1.5857,0.7563,
3/21/12,6.3226,83.62,1.5848,0.7582,
3/22/12,6.299,82.5,1.5807,0.7579,
3/23/12,6.3021,82.35,1.5864,0.754,
3/26/12,6.3139,82.84,1.5939,0.7503,
3/27/12,6.3061,83.15,1.5972,0.7499,
3/28/12,6.3044,82.74,1.5855,0.7519,
3/29/12,6.3057,82.28,1.5911,0.7539,
3/30/12,6.2975,82.41,1.5985,0.75,
4/2/12,6.2979,82.16,1.6022,0.7505,
4/3/12,6.2975,82.18,1.5966,0.7498,
4/4/12,6.2975,82.62,1.5879,0.7618,
4/5/12,6.3123,82.33,1.5822,0.7655,
4/6/12,6.3052,81.56,1.5877,0.764,
4/9/12,6.31,81.36,1.5879,0.7641,
4/10/12,6.3105,80.94,1.5836,0.7652,
4/11/12,6.3076,80.88,1.5892,0.7631,
4/12/12,6.3069,80.87,1.5939,0.7592,
4/13/12,6.3022,80.99,1.5851,0.7644,
4/16/12,6.315,80.46,1.5865,0.7653,
4/17/12,6.3015,80.72,1.5931,0.762,
4/18/12,6.3026,81.29,1.602,0.7621,
4/19/12,6.3029,81.57,1.6058,0.7615,
4/20/12,6.308,81.6,1.6123,0.7569,
4/23/12,6.3084,81.16,1.6102,0.7617,
4/24/12,6.3073,81.21,1.6135,0.7572,
4/25/12,6.3039,81.33,1.6146,0.757,
4/26/12,6.3054,80.78,1.6188,0.7557,
4/27/12,6.3093,80.48,1.6239,0.7548,
4/30/12,6.279,79.81,1.6225,0.7559,
5/1/12,6.3089,80.17,1.6221,0.7561,
5/2/12,6.307,80.19,1.6193,0.7602,
5/3/12,6.3052,80.36,1.6185,0.7606,
5/4/12,6.3059,79.84,1.6148,0.7639,
5/7/12,6.3074,79.88,1.6192,0.7662,
5/8/12,6.3076,79.79,1.6159,0.7683,
5/9/12,6.3096,79.64,1.613,0.772,
5/10/12,6.314,79.91,1.6161,0.7717,
5/11/12,6.3097,79.86,1.608,0.773,
5/14/12,6.321,79.83,1.6116,0.7784,
5/15/12,6.3176,80.09,1.6025,0.7831,
5/16/12,6.3227,80.32,1.5933,0.7855,
5/17/12,6.3247,79.26,1.5823,0.7868,
5/18/12,6.3245,79.14,1.5788,0.7861,
5/21/12,6.3277,79.31,1.579,0.7831,
5/22/12,6.3223,79.98,1.5775,0.7852,
5/23/12,6.3343,79.33,1.5691,0.7956,
5/24/12,6.3449,79.47,1.5698,0.7947,
5/25/12,6.3439,79.64,1.5648,0.7988,
5/28/12,,,,,
5/29/12,6.3478,79.44,1.563,0.8008,
5/30/12,6.3574,78.93,1.5532,0.8061,
5/31/12,6.3684,78.29,1.5405,0.8088,
6/1/12,6.3692,78.21,1.5383,0.8052,
6/4/12,6.3641,78.3,1.5382,0.8003,
6/5/12,6.367,78.57,1.5355,0.8041,
6/6/12,6.3634,79.11,1.5475,0.7978,
6/7/12,6.3634,79.67,1.5557,0.7957,
6/8/12,6.37,79.47,1.5433,0.8012,
6/11/12,6.369,79.5,1.5515,0.7997,
6/12/12,6.3703,79.44,1.5562,0.8015,
6/13/12,6.3685,79.35,1.5557,0.7939,
6/14/12,6.3702,79.29,1.5533,0.7931,
6/15/12,6.3649,78.65,1.5654,0.7916,
6/18/12,6.3539,78.95,1.5665,0.795,
6/19/12,6.3542,78.92,1.5732,0.7879,
6/20/12,6.3597,79.54,1.575,0.7872,
6/21/12,6.3644,80.18,1.5633,0.7945,
6/22/12,6.3644,80.52,1.5582,0.7971,
6/25/12,6.3631,79.5,1.5555,0.8013,
6/26/12,6.3626,79.46,1.562,0.8019,
6/27/12,6.3561,79.83,1.5549,0.8028,
6/28/12,6.357,79.35,1.5503,0.8043,
6/29/12,6.353,79.81,1.5686,0.7894,
7/2/12,6.3487,79.42,1.5679,0.7947,
7/3/12,6.3519,79.77,1.5702,0.7924,
7/4/12,,,,,
7/5/12,6.3557,79.95,1.5531,0.8075,
7/6/12,6.364,79.61,1.548,0.8141,
7/9/12,6.3709,79.66,1.5507,0.8131,
7/10/12,6.3654,79.44,1.5506,0.816,
7/11/12,6.3682,79.7,1.5532,0.8167,
7/12/12,6.3732,79.29,1.5425,0.8197,
7/13/12,6.3789,79.2,1.555,0.8175,
7/16/12,6.3784,78.8,1.5635,0.8152,
7/17/12,6.3725,79.04,1.5613,0.8174,
7/18/12,6.369,78.79,1.5636,0.8156,
7/19/12,6.3724,78.6,1.5719,0.8159,
7/20/12,6.3734,78.49,1.563,0.8213,
7/23/12,6.3856,78.38,1.5512,0.8247,
7/24/12,6.3857,78.19,1.5521,0.829,
7/25/12,6.3879,78.21,1.5479,0.8243,
7/26/12,6.3839,78.24,1.5683,0.8143,
7/27/12,6.3807,78.55,1.5728,0.8084,
7/30/12,6.3792,78.2,1.5694,0.8163,
7/31/12,6.361,78.1,1.5686,0.812,
8/1/12,6.368,78.19,1.5596,0.8131,
8/2/12,6.3671,78.22,1.55,0.8231,
8/3/12,6.3721,78.6,1.565,0.8071,
8/6/12,6.3738,78.17,1.5625,0.805,
8/7/12,6.3664,78.71,1.5658,0.805,
8/8/12,6.361,78.44,1.5659,0.8088,
8/9/12,6.3579,78.64,1.5623,0.8145,
8/10/12,6.3599,78.24,1.5679,0.8131,
8/13/12,6.3611,78.34,1.569,0.8104,
8/14/12,6.3586,78.82,1.5692,0.8111,
8/15/12,6.3619,78.89,1.5686,0.8138,
8/16/12,6.3659,79.25,1.5738,0.8093,
8/17/12,6.358,79.5,1.5697,0.812,
8/20/12,6.3592,79.41,1.5707,0.8102,
8/21/12,6.3559,79.43,1.5788,0.8018,
8/22/12,6.3515,79.19,1.58,0.8018,
8/23/12,6.3535,78.46,1.5882,0.7947,
8/24/12,6.3542,78.65,1.5815,0.7979,
8/27/12,6.3558,78.67,1.58,0.7991,
8/28/12,6.3525,78.5,1.5828,0.7959,
8/29/12,6.3513,78.72,1.5839,0.7976,
8/30/12,6.3494,78.55,1.5794,0.8002,
8/31/12,6.3484,78.3,1.5864,0.795,
9/3/12,,,,,
9/4/12,6.3465,78.35,1.5889,0.7958,
9/5/12,6.3489,78.34,1.5907,0.7935,
9/6/12,6.3428,78.96,1.5922,0.792,
9/7/12,6.3428,78.14,1.6016,0.7815,
9/10/12,6.3375,78.24,1.6009,0.7816,
9/11/12,6.3349,77.78,1.6071,0.7777,
9/12/12,6.3261,77.86,1.6111,0.7756,
9/13/12,6.3294,77.41,1.6125,0.7745,
9/14/12,6.3145,78.22,1.6244,0.7609,
9/17/12,6.317,78.68,1.6263,0.7619,
9/18/12,6.3187,78.59,1.6251,0.7662,
9/19/12,6.3091,78.4,1.6219,0.7654,
9/20/12,6.3036,78.3,1.6198,0.7723,
9/21/12,6.3051,78.17,1.6251,0.7698,
9/24/12,6.309,77.9,1.6199,0.7747,
9/25/12,6.3057,77.91,1.6232,0.7725,
9/26/12,6.3015,77.78,1.6145,0.7781,
9/27/12,6.3021,77.62,1.6217,0.7768,
9/28/12,6.2848,77.92,1.6132,0.7778,
10/1/12,6.284,78,1.6142,0.7752,
10/2/12,6.284,78.01,1.6186,0.7721,
10/3/12,6.284,78.57,1.6077,0.7747,
10/4/12,6.284,78.44,1.6165,0.7692,
10/5/12,6.284,78.66,1.6196,0.7658,
10/8/12,,,,,
10/9/12,6.2877,78.23,1.5987,0.7766,
10/10/12,6.2831,78.26,1.6007,0.7759,
10/11/12,6.2765,78.44,1.6028,0.7735,
10/12/12,6.267,78.31,1.6075,0.7724,
10/15/12,6.27,78.76,1.6069,0.7722,
10/16/12,6.2637,78.92,1.6101,0.7671,
10/17/12,6.254,78.74,1.6165,0.7614,
10/18/12,6.2501,79.24,1.6141,0.763,
10/19/12,6.2533,79.26,1.6003,0.7679,
10/22/12,6.2543,79.84,1.6028,0.7655,
10/23/12,6.2478,79.79,1.5932,0.771,
10/24/12,6.2478,79.82,1.6015,0.7724,
10/25/12,6.2416,80.04,1.6119,0.7717,
10/26/12,6.248,79.63,1.6098,0.7729,
10/29/12,6.2384,79.81,1.6025,0.7748,
10/30/12,6.2396,79.58,1.6083,0.7705,
10/31/12,6.2372,79.94,1.6111,0.7717,
11/1/12,6.2393,80.14,1.6142,0.773,
11/2/12,6.2411,80.53,1.6036,0.7783,
11/5/12,6.2452,80.17,1.5977,0.7819,
11/6/12,6.2454,80.28,1.5985,0.7802,
11/7/12,6.2435,79.85,1.5975,0.7838,
11/8/12,6.2427,79.74,1.5979,0.7849,
11/9/12,6.245,79.46,1.5912,0.7865,
11/12/12,,,,,
11/13/12,6.226,79.42,1.5885,0.7864,
11/14/12,6.225,80.2,1.5849,0.7849,
11/15/12,6.2329,81.16,1.5865,0.7823,
11/16/12,6.2354,81.28,1.5866,0.7865,
11/19/12,6.2343,81.18,1.5908,0.7809,
11/20/12,6.2324,81.72,1.5927,0.7804,
11/21/12,6.23,82.36,1.5936,0.7803,
11/22/12,,,,,
11/23/12,6.2275,82.34,1.6032,0.7717,
11/26/12,6.2253,82.11,1.6014,0.7712,
11/27/12,6.2221,82.23,1.6028,0.7728,
11/28/12,6.2273,81.84,1.5997,0.7738,
11/29/12,6.2281,82.06,1.6026,0.772,
11/30/12,6.2265,82.54,1.6027,0.7686,
12/3/12,6.2277,82.24,1.6104,0.7653,
12/4/12,6.2254,81.86,1.6097,0.7645,
12/5/12,6.2251,82.4,1.6102,0.7647,
12/6/12,6.2282,82.29,1.6066,0.7711,
12/7/12,6.2299,82.37,1.6031,0.7727,
12/10/12,6.2296,82.37,1.6068,0.7734,
12/11/12,6.246,82.42,1.6103,0.7697,
12/12/12,6.2502,83.1,1.6132,0.767,
12/13/12,6.2316,83.54,1.613,0.7647,
12/14/12,6.241,83.52,1.6139,0.7614,
12/17/12,6.236,83.7,1.6203,0.7594,
12/18/12,6.2322,84,1.6256,0.7562,
12/19/12,6.2293,84.32,1.6275,0.7541,
12/20/12,6.2297,84.33,1.6268,0.7562,
12/21/12,6.2284,84.1,1.6167,0.7595,
12/24/12,6.2335,84.81,1.6113,0.7588,
12/25/12,,,,,
12/26/12,6.2351,85.62,1.6118,0.756,
12/27/12,6.2358,86.06,1.6106,0.756,
12/28/12,6.2315,86.12,1.6157,0.7564,
12/31/12,6.2301,86.64,1.6262,0.7584,
1/1/13,,,,,
1/2/13,6.2301,87.1,1.6255,0.7579,
1/3/13,6.2301,86.92,1.6151,0.7628,
1/4/13,6.2303,88.14,1.6036,0.7665,
1/7/13,6.2294,87.68,1.608,0.7634,
1/8/13,6.2235,87.31,1.604,0.7652,
1/9/13,6.226,87.9,1.6024,0.7646,
1/10/13,6.223,88.16,1.6125,0.7564,
1/11/13,6.2156,89.22,1.6128,0.7489,
1/14/13,6.219,89.34,1.6077,0.748,
1/15/13,6.2134,88.65,1.6089,0.7495,
1/16/13,6.216,88.64,1.6009,0.7516,
1/17/13,6.2158,89.41,1.5991,0.7487,
1/18/13,6.2152,89.9,1.5876,0.7517,
1/21/13,,,,,
1/22/13,6.2196,88.62,1.5862,0.7517,
1/23/13,6.2178,88.44,1.5848,0.7514,
1/24/13,6.2179,90.04,1.5789,0.7475,
1/25/13,6.2203,91.04,1.5799,0.7432,
1/28/13,6.224,90.73,1.5686,0.743,
1/29/13,6.2259,90.65,1.5751,0.7416,
1/30/13,6.2204,91.05,1.5793,0.7372,
1/31/13,6.2186,91.28,1.5856,0.7362,
2/1/13,6.2265,92.54,1.5744,0.7304,
2/4/13,6.2326,92.57,1.5737,0.7393,
2/5/13,6.2292,93.34,1.5652,0.737,
2/6/13,6.2315,93.56,1.5655,0.7392,
2/7/13,6.2323,93.24,1.5712,0.7473,
2/8/13,6.2323,92.72,1.5814,0.7482,
2/11/13,6.2323,93.44,1.5668,0.7455,
2/12/13,6.2323,93.14,1.5654,0.7435,
2/13/13,6.2323,93.39,1.5544,0.7436,
2/14/13,6.2323,93.1,1.5502,0.75,
2/15/13,6.2323,93.64,1.5518,0.7484,
2/18/13,,,,,
2/19/13,6.2438,93.54,1.5432,0.747,
2/20/13,6.2371,93.53,1.5301,0.7491,
2/21/13,6.2403,92.96,1.5263,0.7573,
2/22/13,6.2346,93.35,1.5256,0.7595,
2/25/13,6.2337,93.35,1.5112,0.7592,
2/26/13,6.2293,91.38,1.5125,0.766,
2/27/13,6.2271,91.88,1.5134,0.7631,
2/28/13,6.2213,92.36,1.5192,0.7646,
3/1/13,6.2226,93.38,1.5033,0.7699,
3/4/13,6.2246,93.32,1.5084,0.7695,
3/5/13,6.2208,93.39,1.5098,0.7681,
3/6/13,6.2173,93.64,1.5036,0.7698,
3/7/13,6.22,95,1.5032,0.7635,
3/8/13,6.2145,96,1.4926,0.7697,
3/11/13,6.2179,96.12,1.4898,0.7684,
3/12/13,6.216,95.96,1.4877,0.7679,
3/13/13,6.2137,96,1.4925,0.7723,
3/14/13,6.2145,96.16,1.5039,0.7708,
3/15/13,6.2133,95.26,1.5124,0.7648,
3/18/13,6.2156,94.92,1.5113,0.7718,
3/19/13,6.2154,94.85,1.5118,0.7759,
3/20/13,6.2117,95.51,1.5133,0.7722,
3/21/13,6.2141,95.06,1.518,0.7735,
3/22/13,6.212,94.48,1.5239,0.7695,
3/25/13,6.2105,94.34,1.5184,0.7763,
3/26/13,6.2108,94.22,1.5156,0.7777,
3/27/13,6.2138,94.38,1.5112,0.7824,
3/28/13,6.2143,94.02,1.5184,0.7787,
3/29/13,6.2108,94.16,1.5193,0.7803,
4/1/13,6.2078,93.3,1.5232,0.7778,
4/2/13,6.1992,93.43,1.5113,0.7791,
4/3/13,6.1962,92.96,1.514,0.7784,
4/4/13,6.2005,96.12,1.5198,0.778,
4/5/13,6.2005,96.86,1.5336,0.7676,
4/8/13,6.2031,98.9,1.5257,0.7688,
4/9/13,6.2022,99.02,1.5317,0.7638,
4/10/13,6.1938,99.61,1.5315,0.7657,
4/11/13,6.1961,99.42,1.5403,0.762,
4/12/13,6.1914,98.98,1.5373,0.7637,
4/15/13,6.1866,98,1.532,0.7644,
4/16/13,6.1824,97.86,1.5316,0.761,
4/17/13,6.172,97.74,1.5255,0.7663,
4/18/13,6.1811,98.22,1.5282,0.765,
4/19/13,6.1772,99.28,1.5254,0.7653,
4/22/13,6.1823,99.29,1.5262,0.7663,
4/23/13,6.179,99.43,1.5267,0.7685,
4/24/13,6.1782,99.39,1.5258,0.7694,
4/25/13,6.1707,99.42,1.5434,0.769,
4/26/13,6.1647,97.84,1.5479,0.7678,
4/29/13,6.1647,98.09,1.5497,0.7639,
4/30/13,6.1647,97.52,1.5539,0.7594,
5/1/13,6.1647,97.28,1.5578,0.758,
5/2/13,6.156,97.96,1.5519,0.7653,
5/3/13,6.1555,99.1,1.5563,0.7627,
5/6/13,6.1665,99.35,1.5538,0.7653,
5/7/13,6.1539,99,1.5468,0.7642,
5/8/13,6.141,98.9,1.5563,0.7589,
5/9/13,6.1306,99.29,1.5502,0.7631,
5/10/13,6.1415,101.74,1.5334,0.7719,
5/13/13,6.1465,101.84,1.5291,0.7704,
5/14/13,6.1426,102.18,1.5258,0.7711,
5/15/13,6.1454,102.44,1.5198,0.7778,
5/16/13,6.1487,102.22,1.5302,0.7753,
5/17/13,6.141,102.98,1.5173,0.7802,
5/20/13,6.1386,102.54,1.5223,0.7773,
5/21/13,6.1353,102.36,1.517,0.7746,
5/22/13,6.1309,103.52,1.5038,0.7774,
5/23/13,6.1337,101.66,1.512,0.7726,
5/24/13,6.1311,100.98,1.5126,0.774,
5/27/13,,,,,
5/28/13,6.1213,102.07,1.5061,0.777,
5/29/13,6.1264,100.91,1.5121,0.7726,
5/30/13,6.1307,101.06,1.5207,0.7668,
5/31/13,6.134,100.83,1.5185,0.7699,
6/3/13,6.1312,99.18,1.5349,0.7635,
6/4/13,6.1285,100.15,1.5304,0.7648,
6/5/13,6.1276,99.16,1.5392,0.7641,
6/6/13,6.1359,97.76,1.5601,0.7548,
6/7/13,6.1333,97.2,1.5558,0.7552,
6/10/13,6.1333,98.88,1.5556,0.7556,
6/11/13,6.1333,96.82,1.5587,0.7531,
6/12/13,6.1333,95.36,1.5697,0.7488,
6/13/13,6.1341,94.29,1.5698,0.7511,
6/14/13,6.1306,94.34,1.5686,0.7502,
6/17/13,6.1248,94.87,1.5709,0.7496,
6/18/13,6.1283,95.2,1.5625,0.7459,
6/19/13,6.1264,95.22,1.5657,0.746,
6/20/13,6.1277,98.18,1.5469,0.7568,
6/21/13,6.1328,97.48,1.5373,0.7626,
6/24/13,6.1441,97.7,1.5404,0.7639,
6/25/13,6.1448,97.87,1.5418,0.7645,
6/26/13,6.1468,97.43,1.5332,0.7689,
6/27/13,6.1488,98.4,1.5235,0.7683,
6/28/13,6.1374,99.21,1.521,0.7686,
7/1/13,6.1325,99.62,1.5247,0.7657,
7/2/13,6.1327,100.43,1.5171,0.7682,
7/3/13,6.1301,99.82,1.5264,0.7689,
7/4/13,,,,,
7/5/13,6.1324,100.94,1.491,0.7794,
7/8/13,6.1337,101.07,1.4932,0.7774,
7/9/13,6.1293,101.08,1.4837,0.7828,
7/10/13,6.1336,100.1,1.4935,0.7785,
7/11/13,6.135,98.8,1.5127,0.7665,
7/12/13,6.1373,99.39,1.5108,0.7664,
7/15/13,6.1373,100.04,1.5088,0.7669,
7/16/13,6.1345,99.37,1.5122,0.7608,
7/17/13,6.1351,99.7,1.5184,0.7637,
7/18/13,6.1408,100.6,1.5193,0.7646,
7/19/13,6.1377,100.3,1.526,0.7609,
7/22/13,6.1404,99.6,1.5366,0.758,
7/23/13,6.1369,99.76,1.5354,0.7569,
7/24/13,6.1358,100.21,1.5367,0.756,
7/25/13,6.1346,99.56,1.5333,0.7556,
7/26/13,6.1316,98.24,1.5368,0.7536,
7/29/13,6.1323,97.8,1.5355,0.754,
7/30/13,6.1315,98.02,1.5244,0.7538,
7/31/13,6.1284,98.35,1.5177,0.7529,
8/1/13,6.1302,99.3,1.5145,0.7566,
8/2/13,6.1293,99.04,1.5277,0.7537,
8/5/13,6.1245,98.54,1.5347,0.7543,
8/6/13,6.1215,97.85,1.5367,0.7521,
8/7/13,6.119,96.72,1.5514,0.7502,
8/8/13,6.1207,96.03,1.5555,0.7467,
8/9/13,6.1217,96.24,1.5507,0.7497,
8/12/13,6.1218,96.44,1.5475,0.7512,
8/13/13,6.1217,98.06,1.5451,0.7549,
8/14/13,6.1191,98.15,1.5531,0.7544,
8/15/13,6.1123,97.81,1.5573,0.754,
8/16/13,6.1145,97.6,1.5621,0.7507,
8/19/13,6.1227,97.94,1.5665,0.7492,
8/20/13,6.1241,97.12,1.5678,0.7448,
8/21/13,6.1229,97.66,1.5678,0.7481,
8/22/13,6.1206,98.53,1.558,0.7484,
8/23/13,6.12,98.57,1.5578,0.7467,
8/26/13,6.1202,98.64,1.5568,0.748,
8/27/13,6.1212,97.3,1.5528,0.747,
8/28/13,6.1202,97.65,1.552,0.7504,
8/29/13,6.1203,98.46,1.5488,0.756,
8/30/13,6.1193,98.22,1.5468,0.7578,
9/2/13,,,,,
9/3/13,6.1204,99.43,1.5544,0.7596,
9/4/13,6.1199,99.61,1.5643,0.7569,
9/5/13,6.1194,100.08,1.5593,0.7622,
9/6/13,6.1202,99.04,1.5633,0.7595,
9/9/13,6.1209,99.55,1.5724,0.7541,
9/10/13,6.1195,100.22,1.5731,0.7541,
9/11/13,6.1183,100.08,1.5807,0.7518,
9/12/13,6.1178,99.24,1.5819,0.751,
9/13/13,6.1186,99.38,1.5861,0.7532,
9/16/13,6.1198,98.98,1.5927,0.7491,
9/17/13,6.1213,99.16,1.5901,0.7487,
9/18/13,6.121,99.04,1.5965,0.749,
9/19/13,6.121,99.33,1.6043,0.7393,
9/20/13,6.121,99.38,1.6021,0.7395,
9/23/13,6.1201,98.76,1.6066,0.7396,
9/24/13,6.1208,98.76,1.6006,0.7413,
9/25/13,6.119,98.62,1.608,0.7388,
9/26/13,6.1194,98.95,1.6012,0.7416,
9/27/13,6.1179,98.3,1.6135,0.7387,
9/30/13,6.12,98.29,1.6179,0.7388,
10/1/13,6.12,98.05,1.6208,0.7389,
10/2/13,6.12,97.36,1.6224,0.7357,
10/3/13,6.12,97.08,1.6169,0.733,
10/4/13,6.12,97.2,1.6069,0.7363,
10/7/13,6.12,97.02,1.6082,0.737,
10/8/13,6.1206,96.94,1.6089,0.7363,
10/9/13,6.1209,97.23,1.5943,0.74,
10/10/13,6.1156,98.09,1.5975,0.7388,
10/11/13,6.1204,98.42,1.5945,0.7375,
10/14/13,,,,,
10/15/13,6.1026,98.58,1.5974,0.7411,
10/16/13,6.0996,98.9,1.5904,0.7413,
10/17/13,6.098,97.85,1.6166,0.7319,
10/18/13,6.0966,97.77,1.6184,0.7303,
10/21/13,6.0924,98.14,1.6149,0.7314,
10/22/13,6.0925,98.18,1.6221,0.7258,
10/23/13,6.0833,97.28,1.6171,0.7254,
10/24/13,6.0815,97.36,1.6186,0.7241,
10/25/13,6.0838,97.46,1.6158,0.725,
10/28/13,6.0853,97.7,1.6131,0.7254,
10/29/13,6.0897,98.09,1.6059,0.7262,
10/30/13,6.0936,98.14,1.6078,0.7262,
10/31/13,6.0943,98.1,1.6068,0.7356,
11/1/13,6.0993,98.78,1.5922,0.7414,
11/4/13,6.098,98.62,1.595,0.7399,
11/5/13,6.0966,98.6,1.6044,0.7424,
11/6/13,6.0925,98.6,1.608,0.7391,
11/7/13,6.0906,98.56,1.6069,0.7468,
11/8/13,6.0903,99.03,1.5995,0.7487,
11/11/13,,,,,
11/12/13,6.0917,99.65,1.5916,0.7447,
11/13/13,6.0926,99.31,1.6033,0.7432,
11/14/13,6.092,99.93,1.6077,0.7425,
11/15/13,6.092,100.17,1.6107,0.7418,
11/18/13,6.0918,100.04,1.611,0.7396,
11/19/13,6.0924,100.14,1.611,0.7392,
11/20/13,6.0925,100.02,1.615,0.7434,
11/21/13,6.0914,100.95,1.6155,0.7424,
11/22/13,6.0935,101.29,1.6211,0.7382,
11/25/13,6.0916,101.7,1.6146,0.7406,
11/26/13,6.0925,101.38,1.6187,0.7377,
11/27/13,6.0922,102.18,1.6267,0.7373,
11/28/13,,,,,
11/29/13,6.0922,102.45,1.6373,0.735,
12/2/13,6.0927,103.04,1.6365,0.7379,
12/3/13,6.0914,102.36,1.6416,0.7351,
12/4/13,6.0913,102.48,1.6352,0.7377,
12/5/13,6.0903,101.82,1.6328,0.7319,
12/6/13,6.0815,102.88,1.6327,0.7305,
12/9/13,6.0643,103.22,1.6403,0.7285,
12/10/13,6.0705,102.8,1.6424,0.7265,
12/11/13,6.0712,102.38,1.6389,0.7247,
12/12/13,6.071,103.11,1.6326,0.7272,
12/13/13,6.071,103.28,1.6294,0.7287,
12/16/13,6.0713,102.91,1.6311,0.7269,
12/17/13,6.0707,102.63,1.6254,0.7274,
12/18/13,6.0713,103.18,1.6388,0.7264,
12/19/13,6.0711,104.16,1.6382,0.7317,
12/20/13,6.0711,104.07,1.6355,0.7314,
12/23/13,6.0697,104.06,1.6356,0.7299,
12/24/13,6.0712,104.26,1.6371,0.7312,
12/25/13,,,,,
12/26/13,6.0744,104.72,1.6425,0.7305,
12/27/13,6.0684,105.05,1.6491,0.7264,
12/30/13,6.0617,105,1.6522,0.7238,
12/31/13,6.0537,105.25,1.6574,0.7257,
1/1/14,,,,,
1/2/14,6.0504,104.84,1.6441,0.7315,
1/3/14,6.0505,104.46,1.6424,0.735,
1/6/14,6.0524,104.38,1.6412,0.7334,
1/7/14,6.0507,104.54,1.6421,0.7343,
1/8/14,6.051,104.87,1.6461,0.7361,
1/9/14,6.054,104.74,1.6459,0.7358,
1/10/14,6.0519,104.06,1.647,0.7319,
1/13/14,6.0432,103.31,1.6379,0.7328,
1/14/14,6.0402,103.8,1.645,0.7309,
1/15/14,6.0459,104.42,1.6375,0.7351,
1/16/14,6.0555,104.32,1.6335,0.7353,
1/17/14,6.05,104.32,1.6429,0.7378,
1/20/14,,,,,
1/21/14,6.0503,104.14,1.6469,0.7375,
1/22/14,6.0508,104.36,1.6571,0.7382,
1/23/14,6.0515,103.65,1.6612,0.731,
1/24/14,6.0486,102.41,1.6491,0.731,
1/27/14,6.0478,102.26,1.6588,0.731,
1/28/14,6.0506,102.8,1.6581,0.732,
1/29/14,6.0554,102.2,1.6561,0.7319,
1/30/14,6.06,102.83,1.6487,0.7381,
1/31/14,6.059,102.28,1.645,0.7407,
2/3/14,6.06,101.11,1.6307,0.7395,
2/4/14,6.06,101.62,1.63,0.7404,
2/5/14,6.06,101.38,1.6308,0.7397,
2/6/14,6.06,101.84,1.6345,0.7351,
2/7/14,6.0629,102.32,1.6395,0.7345,
2/10/14,6.0591,102.14,1.6419,0.7329,
2/11/14,6.0601,102.63,1.6468,0.7324,
2/12/14,6.0614,102.48,1.6578,0.7357,
2/13/14,6.0631,102.2,1.6643,0.7316,
2/14/14,6.0666,101.82,1.6736,0.7305,
2/17/14,,,,,
2/18/14,6.0671,102.31,1.6696,0.7268,
2/19/14,6.0762,102.3,1.6718,0.7266,
2/20/14,6.0832,102.32,1.664,0.7305,
2/21/14,6.0912,102.71,1.663,0.7288,
2/24/14,6.0982,102.44,1.6641,0.7276,
2/25/14,6.1243,102.2,1.6696,0.7273,
2/26/14,6.1243,102.36,1.6648,0.7316,
2/27/14,6.1279,102.12,1.6693,0.7287,
2/28/14,6.1448,102.08,1.675,0.7243,
3/3/14,6.146,101.36,1.6712,0.7266,
3/4/14,6.143,102.18,1.6665,0.7283,
3/5/14,6.128,102.32,1.6729,0.7281,
3/6/14,6.1183,103.03,1.6743,0.7221,
3/7/14,6.1258,103.38,1.6725,0.7211,
3/10/14,6.1383,103.23,1.6633,0.7205,
3/11/14,6.1397,103.18,1.6628,0.7211,
3/12/14,6.1448,102.74,1.6605,0.7192,
3/13/14,6.1359,102.12,1.6677,0.718,
3/14/14,6.15,101.46,1.663,0.7182,
3/17/14,6.1779,101.62,1.6645,0.718,
3/18/14,6.1918,101.37,1.6574,0.7188,
3/19/14,6.1934,101.54,1.6629,0.7189,
3/20/14,6.2273,102.39,1.6511,0.7255,
3/21/14,6.2248,102.38,1.6498,0.7255,
3/24/14,6.1956,102.21,1.6491,0.7255,
3/25/14,6.201,102.32,1.6507,0.7258,
3/26/14,6.2084,102.3,1.6566,0.7254,
3/27/14,6.2123,102.1,1.6627,0.7272,
3/28/14,6.2117,102.92,1.6637,0.7271,
3/31/14,6.2164,102.98,1.6675,0.7258,
4/1/14,6.2064,103.52,1.6639,0.7244,
4/2/14,6.2054,103.82,1.6634,0.7267,
4/3/14,6.2102,103.94,1.6583,0.7295,
4/4/14,6.2118,103.39,1.6594,0.7297,
4/7/14,6.2118,103.04,1.6616,0.7275,
4/8/14,6.1966,102.12,1.6743,0.7245,
4/9/14,6.2003,101.85,1.6751,0.7238,
4/10/14,6.2123,101.43,1.6781,0.7198,
4/11/14,6.2111,101.56,1.6736,0.7195,
4/14/14,6.2186,101.81,1.6741,0.7234,
4/15/14,6.2215,101.6,1.6725,0.7243,
4/16/14,6.2204,102.3,1.6794,0.7236,
4/17/14,6.2188,102.22,1.6809,0.723,
4/18/14,6.224,102.43,1.6792,0.7238,
4/21/14,6.2269,102.56,1.6792,0.7252,
4/22/14,6.2373,102.6,1.6833,0.7244,
4/23/14,6.2374,102.26,1.6768,0.7239,
4/24/14,6.2484,102.34,1.6797,0.7232,
4/25/14,6.2534,102.12,1.681,0.7226,
4/28/14,6.252,102.46,1.6812,0.7223,
4/29/14,6.2578,102.57,1.6829,0.7242,
4/30/14,6.2591,102.14,1.6883,0.721,
5/1/14,6.2591,102.3,1.69,0.7211,
5/2/14,6.2591,102.34,1.6865,0.7213,
5/5/14,6.2453,102.06,1.687,0.7203,
5/6/14,6.2255,101.57,1.6976,0.7182,
5/7/14,6.2349,101.72,1.6964,0.7185,
5/8/14,6.2272,101.66,1.6944,0.7213,
5/9/14,6.227,101.74,1.6849,0.7266,
5/12/14,6.2364,102.1,1.6871,0.7267,
5/13/14,6.2283,102.2,1.6838,0.7293,
5/14/14,6.2282,101.75,1.6784,0.729,
5/15/14,6.2291,101.44,1.6791,0.7293,
5/16/14,6.2327,101.5,1.6827,0.7295,
5/19/14,6.2368,101.26,1.6822,0.7291,
5/20/14,6.2377,101.26,1.6847,0.7298,
5/21/14,6.2335,101.44,1.6869,0.7322,
5/22/14,6.2348,101.76,1.6859,0.7325,
5/23/14,6.2363,101.88,1.6822,0.7338,
5/26/14,,,,,
5/27/14,6.2471,102.14,1.68,0.7343,
5/28/14,6.2535,101.78,1.6709,0.7355,
5/29/14,6.2375,101.58,1.6719,0.7349,
5/30/14,6.2471,101.77,1.6764,0.7331,
6/2/14,6.2471,102.3,1.6756,0.735,
6/3/14,6.2536,102.42,1.6753,0.734,
6/4/14,6.2494,102.69,1.6747,0.7343,
6/5/14,6.2548,102.44,1.6796,0.7343,
6/6/14,6.2498,102.5,1.6794,0.7332,
6/9/14,6.2397,102.52,1.6798,0.7359,
6/10/14,6.224,102.37,1.6753,0.7384,
6/11/14,6.2277,101.94,1.6795,0.739,
6/12/14,6.2175,101.83,1.6853,0.7377,
6/13/14,6.209,102.06,1.6953,0.7395,
6/16/14,6.225,101.82,1.6988,0.7365,
6/17/14,6.2263,102.18,1.6965,0.7384,
6/18/14,6.2309,102.16,1.6951,0.7371,
6/19/14,6.2287,101.84,1.7046,0.7342,
6/20/14,6.224,102.14,1.7014,0.7361,
6/23/14,6.225,101.9,1.701,0.7357,
6/24/14,6.2308,102.13,1.6971,0.7359,
6/25/14,6.2343,101.75,1.6986,0.7332,
6/26/14,6.2235,101.66,1.7018,0.7348,
6/27/14,6.218,101.39,1.7016,0.7336,
6/30/14,6.2036,101.28,1.7105,0.7305,
7/1/14,6.1995,101.51,1.7147,0.7309,
7/2/14,6.2101,101.76,1.7165,0.7323,
7/3/14,6.2115,102.19,1.7152,0.7348,
7/4/14,,,,,
7/7/14,6.2036,101.84,1.7128,0.7351,
7/8/14,6.201,101.53,1.7127,0.7345,
7/9/14,6.1994,101.7,1.713,0.7337,
7/10/14,6.2023,101.26,1.7122,0.7353,
7/11/14,6.2034,101.33,1.7108,0.7354,
7/14/14,6.2059,101.58,1.7079,0.7342,
7/15/14,6.2075,101.62,1.7149,0.7368,
7/16/14,6.2035,101.69,1.7131,0.7391,
7/17/14,6.2033,101.3,1.7104,0.7391,
7/18/14,6.2075,101.37,1.7069,0.7399,
7/21/14,6.2088,101.34,1.7067,0.7394,
7/22/14,6.2025,101.54,1.7058,0.7424,
7/23/14,6.1982,101.5,1.7036,0.7428,
7/24/14,6.1944,101.82,1.6981,0.7425,
7/25/14,6.1913,101.81,1.6972,0.7445,
7/28/14,6.187,101.82,1.6991,0.744,
7/29/14,6.18,102.12,1.6939,0.7457,
7/30/14,6.1712,102.9,1.6903,0.7475,
7/31/14,6.1737,102.75,1.6889,0.7468,
8/1/14,6.1793,102.45,1.6832,0.7443,
8/4/14,6.178,102.47,1.6841,0.7455,
8/5/14,6.1705,102.77,1.6874,0.7482,
8/6/14,6.1625,102.34,1.6833,0.7488,
8/7/14,6.1618,102.06,1.6849,0.7484,
8/8/14,6.1557,101.91,1.6778,0.7456,
8/11/14,6.1528,102.14,1.6787,0.7471,
8/12/14,6.1575,102.22,1.6806,0.7487,
8/13/14,6.1531,102.48,1.6696,0.7481,
8/14/14,6.1575,102.44,1.6694,0.7476,
8/15/14,6.147,102.19,1.6686,0.7467,
8/18/14,6.1425,102.54,1.672,0.7486,
8/19/14,6.1425,102.86,1.662,0.7508,
8/20/14,6.1395,103.36,1.6633,0.7528,
8/21/14,6.151,103.78,1.6589,0.7528,
8/22/14,6.151,103.97,1.6574,0.7555,
8/25/14,6.154,103.96,1.6585,0.7572,
8/26/14,6.1522,104.12,1.657,0.7582,
8/27/14,6.143,103.98,1.6573,0.758,
8/28/14,6.1423,103.78,1.6579,0.7588,
8/29/14,6.143,104,1.6585,0.7605,
9/1/14,,,,,
9/2/14,6.148,105.1,1.6502,0.762,
9/3/14,6.1408,104.88,1.6451,0.7613,
9/4/14,6.1383,105.22,1.6349,0.7736,
9/5/14,6.14,104.94,1.6312,0.7718,
9/8/14,6.14,105.65,1.6141,0.7723,
9/9/14,6.1362,106.32,1.6088,0.7747,
9/10/14,6.1284,106.76,1.6134,0.7747,
9/11/14,6.1295,106.87,1.6225,0.773,
9/12/14,6.1344,107.24,1.6243,0.7719,
9/15/14,6.1415,107.18,1.6243,0.7721,
9/16/14,6.1459,106.91,1.629,0.7707,
9/17/14,6.1385,107.58,1.6329,0.7717,
9/18/14,6.14,108.69,1.6372,0.7744,
9/19/14,6.1403,108.96,1.6314,0.7791,
9/22/14,6.14,108.88,1.634,0.7795,
9/23/14,6.1368,108.82,1.637,0.7777,
9/24/14,6.1346,108.92,1.6344,0.782,
9/25/14,6.1355,108.7,1.6313,0.7844,
9/26/14,6.1266,109.32,1.6254,0.7883,
9/29/14,6.1495,109.34,1.6262,0.7872,
9/30/14,6.138,109.66,1.622,0.7919,
10/1/14,6.138,109.3,1.6216,0.7925,
10/2/14,6.138,108.1,1.614,0.7893,
10/3/14,6.1385,109.7,1.5962,0.7989,
10/6/14,6.1385,109.08,1.6029,0.7942,
10/7/14,6.1385,108.3,1.6072,0.792,
10/8/14,6.1385,108.41,1.6068,0.7885,
10/9/14,6.1299,108,1.6123,0.7885,
10/10/14,6.1308,107.83,1.6049,0.7914,
10/13/14,,,,,
10/14/14,6.125,107.15,1.593,0.7899,
10/15/14,6.1249,106.06,1.5959,0.7826,
10/16/14,6.123,105.98,1.6065,0.7805,
10/17/14,6.1238,106.72,1.6086,0.784,
10/20/14,6.1233,106.87,1.6137,0.7823,
10/21/14,6.1205,106.7,1.6134,0.7859,
10/22/14,6.118,107.32,1.607,0.79,
10/23/14,6.119,108.16,1.6037,0.79,
10/24/14,6.1168,108.06,1.6098,0.789,
10/27/14,6.116,107.71,1.6133,0.7867,
10/28/14,6.113,108,1.6157,0.7845,
10/29/14,6.1107,108.1,1.6149,0.7836,
10/30/14,6.114,108.94,1.6023,0.7923,
10/31/14,6.1124,112.09,1.5999,0.7981,
11/3/14,6.1178,113.92,1.5986,0.8008,
11/4/14,6.115,113.44,1.5991,0.7966,
11/5/14,6.1135,114.62,1.5984,0.8008,
11/6/14,6.1117,114.87,1.5862,0.8055,
11/7/14,6.1225,114.73,1.5844,0.805,
11/10/14,6.119,114.78,1.5857,0.8048,
11/11/14,,,,,
11/12/14,6.1257,115.42,1.5815,0.8028,
11/13/14,6.1243,115.63,1.5717,0.8015,
11/14/14,6.129,116.52,1.5657,0.8004,
11/17/14,6.1242,116.44,1.5645,0.8034,
11/18/14,6.1208,116.76,1.5648,0.7978,
11/19/14,6.119,117.7,1.567,0.7969,
11/20/14,6.123,118.14,1.5683,0.7983,
11/21/14,6.1244,117.74,1.5672,0.8068,
11/24/14,6.1412,118.39,1.5701,0.8047,
11/25/14,6.1355,117.99,1.5714,0.8018,
11/26/14,6.1386,117.6,1.5787,0.7998,
11/27/14,,,,,
11/28/14,6.1429,118.7,1.5638,0.804,
12/1/14,6.1515,118.14,1.5743,0.8006,
12/2/14,6.149,119.1,1.5651,0.8071,
12/3/14,6.1499,119.82,1.57,0.8127,
12/4/14,6.1541,119.67,1.5707,0.8044,
12/5/14,6.1497,121.38,1.56,0.8127,
12/8/14,6.1725,120.89,1.5625,0.8135,
12/9/14,6.1855,118.87,1.5694,0.8055,
12/10/14,6.1763,118.5,1.5689,0.8048,
12/11/14,6.1881,119.4,1.5712,0.8066,
12/12/14,6.1864,118.22,1.5728,0.801,
12/15/14,6.19,117.75,1.5663,0.8019,
12/16/14,6.189,117.28,1.5736,0.7997,
12/17/14,6.1957,117.64,1.5652,0.8061,
12/18/14,6.2139,118.84,1.5662,0.8136,
12/19/14,6.2196,119.56,1.5609,0.8173,
12/22/14,6.2213,119.84,1.5618,0.8162,
12/23/14,6.2256,120.68,1.5517,0.821,
12/24/14,6.2148,120.45,1.5549,0.8205,
12/25/14,,,,,
12/26/14,,,,,
12/29/14,6.2222,120.57,1.5524,0.8211,
12/30/14,6.2015,119.34,1.5573,0.8214,
12/31/14,6.2046,119.85,1.5578,0.8264,
1/1/15,,,,,
1/2/15,6.2046,120.2,1.5361,0.8323,
1/5/15,6.2201,119.64,1.5234,0.8391,
1/6/15,6.2125,118.26,1.5174,0.8378,
1/7/15,6.2127,119.52,1.5073,0.846,
1/8/15,6.2143,119.51,1.5118,0.8467,
1/9/15,6.2085,118.66,1.5151,0.8453,
1/12/15,6.2027,118.32,1.5168,0.8452,
1/13/15,6.197,118.16,1.5166,0.849,
1/14/15,6.1957,116.78,1.5234,0.847,
1/15/15,6.187,116.95,1.5161,0.8622,
1/16/15,6.2065,117.45,1.5132,0.8683,
1/19/15,,,,,
1/20/15,6.2137,118.48,1.5162,0.8651,
1/21/15,6.2112,117.86,1.5118,0.8633,
1/22/15,6.2085,117.92,1.5052,0.8761,
1/23/15,6.2279,117.8,1.5022,0.8866,
1/26/15,6.2535,118.38,1.5088,0.8857,
1/27/15,6.243,117.62,1.5196,0.8795,
1/28/15,6.2475,117.74,1.5165,0.8817,
1/29/15,6.2463,118.31,1.5043,0.8843,
1/30/15,6.2495,117.44,1.5026,0.8857,
2/2/15,6.2594,117.33,1.5027,0.8821,
2/3/15,6.2573,117.48,1.5129,0.8724,
2/4/15,6.2472,117.58,1.5209,0.8758,
2/5/15,6.2516,117.4,1.5293,0.8747,
2/6/15,6.2417,119.16,1.5247,0.8826,
2/9/15,6.2467,118.7,1.5217,0.8837,
2/10/15,6.2405,119.32,1.5252,0.8837,
2/11/15,6.2422,120.38,1.5232,0.885,
2/12/15,6.244,118.72,1.538,0.8764,
2/13/15,6.2399,118.7,1.5394,0.8766,
2/16/15,,,,,
2/17/15,6.2546,118.99,1.5349,0.8776,
2/18/15,6.2546,119.19,1.543,0.8817,
2/19/15,6.2546,118.84,1.5451,0.8778,
2/20/15,6.2546,118.68,1.5385,0.8794,
2/23/15,6.2546,118.88,1.5465,0.8814,
2/24/15,6.2546,119.13,1.5434,0.8844,
2/25/15,6.2591,118.88,1.5499,0.88,
2/26/15,6.2584,119.36,1.5424,0.8919,
2/27/15,6.2695,119.72,1.5439,0.8931,
3/2/15,6.272,120.06,1.5371,0.8937,
3/3/15,6.2741,119.47,1.5391,0.8919,
3/4/15,6.2701,119.76,1.5266,0.9033,
3/5/15,6.2658,120.22,1.5229,0.9086,
3/6/15,6.262,120.93,1.5063,0.9212,
3/9/15,6.2635,121.17,1.5097,0.922,
3/10/15,6.2615,121.2,1.5086,0.934,
3/11/15,6.2613,121.5,1.4945,0.9455,
3/12/15,6.2614,121.28,1.4907,0.9421,
3/13/15,6.2585,121.17,1.4755,0.9502,
3/16/15,6.262,121.3,1.48,0.9456,
3/17/15,6.249,121.28,1.4744,0.943,
3/18/15,6.2289,120.92,1.4686,0.9396,
3/19/15,6.1955,120.9,1.4729,0.9415,
3/20/15,6.2037,120.28,1.4923,0.9266,
3/23/15,6.2135,119.74,1.4936,0.9151,
3/24/15,6.2046,119.9,1.487,0.9168,
3/25/15,6.2116,119.37,1.4915,0.9102,
3/26/15,6.2103,119.01,1.4844,0.9158,
3/27/15,6.2145,119.15,1.4878,0.9182,
3/30/15,6.2065,120.11,1.4792,0.9244,
3/31/15,6.199,119.96,1.485,0.931,
4/1/15,6.1976,119.62,1.4823,0.9287,
4/2/15,6.1968,119.74,1.4842,0.9196,
4/3/15,6.193,118.96,1.4916,0.9099,
4/6/15,6.193,119.05,1.4959,0.9084,
4/7/15,6.1955,120.36,1.4857,0.9217,
4/8/15,6.202,119.96,1.4924,0.9244,
4/9/15,6.205,120.32,1.4739,0.9371,
4/10/15,6.2082,120.29,1.4648,0.9436,
4/13/15,6.2152,120.32,1.4658,0.945,
4/14/15,6.2113,119.26,1.479,0.937,
4/15/15,6.2037,119.23,1.4782,0.9438,
4/16/15,6.1947,119.18,1.4923,0.9309,
4/17/15,6.1976,119.02,1.4942,0.9276,
4/20/15,6.2014,119.27,1.4913,0.9291,
4/21/15,6.201,119.45,1.4944,0.9295,
4/22/15,6.1927,119.9,1.5027,0.9321,
4/23/15,6.1975,119.69,1.5047,0.9257,
4/24/15,6.193,118.98,1.5176,0.9195,
4/27/15,6.2185,119.12,1.5235,0.9181,
4/28/15,6.2035,118.8,1.5328,0.9108,
4/29/15,6.1989,118.83,1.5485,0.8949,
4/30/15,6.2018,119.86,1.5328,0.8959,
5/1/15,6.2018,120.21,1.5137,0.8933,
5/4/15,6.2085,120.25,1.5118,0.8973,
5/5/15,6.2058,119.87,1.5178,0.8949,
5/6/15,6.2001,119.42,1.5244,0.8814,
5/7/15,6.2063,119.74,1.5223,0.8863,
5/8/15,6.2084,119.78,1.5455,0.8896,
5/11/15,6.2086,120.05,1.5593,0.8975,
5/12/15,6.2086,119.8,1.5685,0.8897,
5/13/15,6.2043,119.09,1.5748,0.8794,
5/14/15,6.2013,119.2,1.5766,0.8797,
5/15/15,6.2051,119.36,1.5772,0.875,
5/18/15,6.2041,119.82,1.5679,0.8807,
5/19/15,6.2064,120.58,1.5523,0.8968,
5/20/15,6.2036,121.28,1.5544,0.9026,
5/21/15,6.1958,121.06,1.5672,0.8988,
5/22/15,6.1972,121.45,1.5484,0.9064,
5/25/15,,,,,
5/26/15,6.2038,123.08,1.5398,0.9195,
5/27/15,6.2011,123.76,1.5324,0.9184,
5/28/15,6.2002,124.18,1.5291,0.9163,
5/29/15,6.198,123.98,1.5286,0.9096,
6/1/15,6.1985,124.64,1.5187,0.9163,
6/2/15,6.198,124.19,1.5331,0.8985,
6/3/15,6.1976,124.06,1.5351,0.8861,
6/4/15,6.2006,124.56,1.5367,0.8872,
6/5/15,6.2024,125.58,1.5267,0.9003,
6/8/15,6.2053,125.08,1.528,0.8903,
6/9/15,6.2047,124.16,1.5383,0.8862,
6/10/15,6.2055,122.72,1.553,0.8844,
6/11/15,6.2065,123.62,1.5493,0.89,
6/12/15,6.2081,123.23,1.5587,0.8867,
6/15/15,6.208,123.38,1.5572,0.8876,
6/16/15,6.2085,123.39,1.5637,0.8898,
6/17/15,6.2086,124.25,1.5708,0.8894,
6/18/15,6.2075,122.87,1.5882,0.8769,
6/19/15,6.2085,122.7,1.5881,0.8822,
6/22/15,6.2085,123.28,1.5823,0.8789,
6/23/15,6.2066,123.71,1.5751,0.8937,
6/24/15,6.2061,124.24,1.5681,0.8946,
6/25/15,6.2084,123.63,1.5728,0.8932,
6/26/15,6.208,123.92,1.5739,0.8964,
6/29/15,6.2085,122.5,1.5764,0.8945,
6/30/15,6.2,122.1,1.5727,0.8965,
7/1/15,6.2008,123.02,1.5617,0.9022,
7/2/15,6.2044,123.14,1.5614,0.9017,
7/3/15,,,,,
7/6/15,6.2089,122.53,1.5619,0.9029,
7/7/15,6.2097,122.16,1.5443,0.9131,
7/8/15,6.2087,120.54,1.5353,0.9032,
7/9/15,6.2086,121.22,1.5375,0.907,
7/10/15,6.2092,122.75,1.5503,0.8969,
7/13/15,6.2081,123.35,1.5518,0.9074,
7/14/15,6.2088,123.39,1.5584,0.9079,
7/15/15,6.2082,123.89,1.5621,0.912,
7/16/15,6.2094,124.04,1.5601,0.9176,
7/17/15,6.2085,124,1.5624,0.9218,
7/20/15,6.2095,124.24,1.5587,0.9217,
7/21/15,6.2095,123.93,1.555,0.9152,
7/22/15,6.2093,124.08,1.5617,0.9188,
7/23/15,6.2091,123.88,1.5533,0.9111,
7/24/15,6.2095,123.74,1.5514,0.9111,
7/27/15,6.2091,123.24,1.5595,0.8999,
7/28/15,6.2084,123.52,1.5617,0.9046,
7/29/15,6.2089,123.86,1.5624,0.9069,
7/30/15,6.2096,124.38,1.5581,0.9163,
7/31/15,6.2097,123.94,1.5634,0.9068,
8/3/15,6.2087,123.98,1.5603,0.9122,
8/4/15,6.2086,124,1.5612,0.913,
8/5/15,6.2096,124.84,1.5604,0.9201,
8/6/15,6.2096,124.6,1.5521,0.9156,
8/7/15,6.2087,124.27,1.5467,0.9126,
8/10/15,6.2094,124.55,1.5546,0.9096,
8/11/15,6.3232,124.9,1.5572,0.9056,
8/12/15,6.3845,123.87,1.5639,0.893,
8/13/15,6.3982,124.32,1.5595,0.8973,
8/14/15,6.3908,124.27,1.5625,0.9001,
8/17/15,6.3937,124.33,1.5598,0.9027,
8/18/15,6.3928,124.39,1.5658,0.9068,
8/19/15,6.3956,124.1,1.5645,0.9041,
8/20/15,6.3875,123.54,1.5688,0.8929,
8/21/15,6.3887,122.11,1.5698,0.8806,
8/24/15,6.4029,118.56,1.5731,0.8636,
8/25/15,6.4122,119.91,1.5698,0.8764,
8/26/15,6.4083,119.07,1.5493,0.878,
8/27/15,6.4053,120.89,1.5411,0.8898,
8/28/15,6.389,121.32,1.5362,0.8951,
8/31/15,6.376,121.26,1.5363,0.8933,
9/1/15,6.363,119.94,1.5341,0.8879,
9/2/15,6.3544,120,1.531,0.8895,
9/3/15,6.3549,120.2,1.5254,0.9006,
9/4/15,6.3549,119.05,1.5195,0.8995,
9/7/15,,,,,
9/8/15,6.3657,119.72,1.5381,0.8943,
9/9/15,6.3768,120.94,1.5363,0.8957,
9/10/15,6.377,120.71,1.5457,0.8879,
9/11/15,6.3735,120.66,1.5426,0.882,
9/14/15,6.3664,119.92,1.5423,0.8844,
9/15/15,6.3685,120.3,1.5352,0.8881,
9/16/15,6.3694,120.62,1.5499,0.8846,
9/17/15,6.3645,120.9,1.5509,0.884,
9/18/15,6.3628,119.85,1.5573,0.8804,
9/21/15,6.3676,120.46,1.5506,0.8925,
9/22/15,6.375,120.04,1.5356,0.8982,
9/23/15,6.3836,120.12,1.5243,0.8961,
9/24/15,6.3818,119.54,1.5254,0.8887,
9/25/15,6.3737,120.74,1.5172,0.8935,
9/28/15,6.3685,119.82,1.5208,0.89,
9/29/15,6.3621,119.76,1.5168,0.8892,
9/30/15,6.3556,119.81,1.5116,0.8959,
10/1/15,6.3559,119.58,1.5162,0.8929,
10/2/15,6.3559,119.42,1.5216,0.8868,
10/5/15,6.3559,120.36,1.5165,0.8929,
10/6/15,6.3559,120.18,1.5227,0.8876,
10/7/15,6.3559,119.9,1.5315,0.889,
10/8/15,6.3529,119.94,1.5316,0.8864,
10/9/15,6.345,120.3,1.5315,0.88,
10/12/15,,,,,
10/13/15,6.3417,119.8,1.5242,0.8786,
10/14/15,6.3462,119.21,1.5445,0.8744,
10/15/15,6.3459,118.26,1.5475,0.8758,
10/16/15,6.3523,119.6,1.5441,0.8803,
10/19/15,6.3591,119.5,1.5471,0.8834,
10/20/15,6.348,119.79,1.547,0.8804,
10/21/15,6.3487,119.91,1.5463,0.8814,
10/22/15,6.3577,120.5,1.5399,0.8977,
10/23/15,6.3488,121.2,1.534,0.9078,
10/26/15,6.3517,120.87,1.5361,0.9049,
10/27/15,6.3517,120.29,1.5312,0.9048,
10/28/15,6.3581,120.56,1.5319,0.9037,
10/29/15,6.3552,121.14,1.5296,0.9122,
10/30/15,6.318,120.7,1.5445,0.9056,
11/2/15,6.318,120.7,1.5428,0.9069,
11/3/15,6.318,121.2,1.5404,0.9136,
11/4/15,6.3357,121.52,1.5377,0.9207,
11/5/15,6.318,121.71,1.5236,0.92,
11/6/15,6.318,123.2,1.5071,0.9306,
11/9/15,6.3619,123.04,1.5124,0.9288,
11/10/15,6.3603,123.22,1.511,0.9358,
11/11/15,,,,,
11/12/15,6.369,122.84,1.5206,0.9287,
11/13/15,6.3735,122.93,1.5208,0.9327,
11/16/15,6.37,123.11,1.5204,0.9339,
11/17/15,6.3771,123.48,1.5214,0.9404,
11/18/15,6.3834,123.51,1.521,0.94,
11/19/15,6.3825,122.71,1.5327,0.9306,
11/20/15,6.3835,122.8,1.5199,0.9381,
11/23/15,6.389,123.02,1.5125,0.9432,
11/24/15,6.3883,122.47,1.5057,0.9388,
11/25/15,6.3877,122.7,1.5109,0.942,
11/26/15,,,,,
11/27/15,6.3945,122.84,1.504,0.9438,
11/30/15,6.3883,123.22,1.5044,0.9468,
12/1/15,6.3883,122.88,1.5074,0.9416,
12/2/15,6.3883,123.52,1.4927,0.9458,
12/3/15,6.3883,123.06,1.5088,0.9173,
12/4/15,6.3883,123.1,1.51,0.9188,
12/7/15,6.4081,123.31,1.5076,0.9225,
12/8/15,6.4162,123,1.5,0.9195,
12/9/15,6.427,121.86,1.5168,0.9104,
12/10/15,6.4363,121.44,1.5176,0.9134,
12/11/15,6.4538,120.94,1.5213,0.9089,
12/14/15,6.4588,120.57,1.513,0.907,
12/15/15,6.46,121.66,1.5044,0.9165,
12/16/15,6.4723,121.88,1.5013,0.9143,
12/17/15,6.4822,122.75,1.4876,0.9256,
12/18/15,6.48,121.2,1.4914,0.9219,
12/21/15,6.4793,120.99,1.4906,0.9158,
12/22/15,6.4778,120.94,1.4811,0.9109,
12/23/15,6.4763,120.94,1.4863,0.9195,
12/24/15,6.4758,120.32,1.4943,0.9128,
12/25/15,,,,,
12/28/15,6.4778,120.3,1.4883,0.9105,
12/29/15,6.4778,120.44,1.4794,0.9161,
12/30/15,6.4896,120.6,1.4832,0.9164,
12/31/15,6.4778,120.27,1.4746,0.9209,
1/1/16,,,,,
1/4/16,6.5338,119.3,1.4686,0.9257,
1/5/16,6.5219,118.95,1.4664,0.9308,
1/6/16,6.5554,118.54,1.4626,0.9292,
1/7/16,6.5926,118,1.4579,0.9208,
1/8/16,6.5932,117.74,1.4523,0.9187,
1/11/16,6.5675,117.48,1.4564,0.9193,
1/12/16,6.57,117.78,1.4403,0.9228,
1/13/16,6.57,118.06,1.447,0.9206,
1/14/16,6.5891,118.03,1.4409,0.9206,
1/15/16,6.584,116.78,1.4289,0.9121,
1/18/16,,,,,
1/19/16,6.5783,117.66,1.4171,0.9169,
1/20/16,6.5781,116.38,1.4167,0.9168,
1/21/16,6.5794,117.61,1.4198,0.9231,
1/22/16,6.5788,118.37,1.4308,0.9247,
1/25/16,6.579,118.55,1.4245,0.9232,
1/26/16,6.5814,118.5,1.4342,0.922,
1/27/16,6.5773,118.9,1.4261,0.9202,
1/28/16,6.5744,118.61,1.4351,0.9131,
1/29/16,6.5752,121.05,1.4184,0.9232,
2/1/16,6.5778,121.06,1.4367,0.9184,
2/2/16,6.5795,120.27,1.4399,0.9168,
2/3/16,6.5765,117.92,1.4576,0.9049,
2/4/16,6.5638,116.75,1.458,0.8929,
2/5/16,6.571,116.99,1.4468,0.8984,
2/8/16,6.571,115.7,1.4415,0.8953,
2/9/16,6.571,114.8,1.4473,0.885,
2/10/16,6.571,114.03,1.4473,0.8911,
2/11/16,6.571,111.72,1.4448,0.8801,
2/12/16,6.571,112.96,1.446,0.8901,
2/15/16,,,,,
2/16/16,6.5154,113.9,1.429,0.8977,
2/17/16,6.527,114.14,1.4317,0.8977,
2/18/16,6.5163,113.62,1.4333,0.9016,
2/19/16,6.5202,112.42,1.4343,0.8987,
2/22/16,6.5197,113.12,1.4157,0.9076,
2/23/16,6.5263,112.17,1.404,0.9078,
2/24/16,6.529,111.36,1.3932,0.9074,
2/25/16,6.532,112.7,1.3937,0.9069,
2/26/16,6.539,113.78,1.3867,0.9147,
2/29/16,6.5525,112.9,1.3926,0.9201,
3/1/16,6.55,113.94,1.3948,0.9219,
3/2/16,6.5499,113.81,1.4059,0.9221,
3/3/16,6.5312,113.53,1.4152,0.9134,
3/4/16,6.5064,113.91,1.4226,0.9083,
3/7/16,6.5155,113.6,1.4256,0.9088,
3/8/16,6.5044,112.58,1.4225,0.9068,
3/9/16,6.5105,113.06,1.4236,0.9073,
3/10/16,6.507,113.1,1.4306,0.8959,
3/11/16,6.494,113.66,1.4426,0.8945,
3/14/16,6.4984,113.59,1.4324,0.9003,
3/15/16,6.511,112.88,1.4166,0.8999,
3/16/16,6.5189,113.69,1.41,0.9029,
3/17/16,6.4745,111.3,1.449,0.8837,
3/18/16,6.4682,111.38,1.4514,0.8856,
3/21/16,6.4812,111.62,1.4402,0.8881,
3/22/16,6.4876,111.82,1.4217,0.8906,
3/23/16,6.5035,112.63,1.4111,0.8949,
3/24/16,6.5124,112.64,1.4143,0.8958,
3/25/16,6.5131,113.05,1.4131,0.8957,
3/28/16,6.5051,113.29,1.425,0.8921,
3/29/16,6.5063,113.33,1.4281,0.8925,
3/30/16,6.4648,112.6,1.439,0.8826,
3/31/16,6.448,112.42,1.4381,0.878,
4/1/16,6.4776,112.06,1.4204,0.8783,
4/4/16,6.4776,111.18,1.4279,0.8783,
4/5/16,6.476,110.26,1.4149,0.8792,
4/6/16,6.478,109.63,1.4162,0.8749,
4/7/16,6.4599,107.98,1.4082,0.8783,
4/8/16,6.4628,108.36,1.4105,0.8767,
4/11/16,6.458,107.96,1.424,0.8763,
4/12/16,6.4639,108.54,1.4244,0.8776,
4/13/16,6.4768,109.21,1.4223,0.8864,
4/14/16,6.481,109.2,1.4148,0.8879,
4/15/16,6.473,108.76,1.4217,0.8853,
4/18/16,6.4717,108.85,1.4276,0.8832,
4/19/16,6.4571,109.16,1.4396,0.8791,
4/20/16,6.4675,109.51,1.4375,0.8826,
4/21/16,6.481,109.41,1.4338,0.8849,
4/22/16,6.5004,111.5,1.439,0.8898,
4/25/16,6.49,111.08,1.4492,0.887,
4/26/16,6.4905,111.23,1.4611,0.8835,
4/27/16,6.494,111.26,1.4554,0.8832,
4/28/16,6.4735,108.55,1.4581,0.883,
4/29/16,6.4738,106.9,1.4625,0.874,
5/2/16,6.4738,106.48,1.4666,0.8684,
5/3/16,6.49,106.34,1.4543,0.869,
5/4/16,6.4945,107.12,1.4475,0.8706,
5/5/16,6.5032,107.32,1.4486,0.8769,
5/6/16,6.497,106.66,1.4439,0.8756,
5/9/16,6.514,108.39,1.4409,0.877,
5/10/16,6.515,109.22,1.4454,0.8783,
5/11/16,6.491,108.48,1.448,0.8738,
5/12/16,6.514,108.73,1.4452,0.8787,
5/13/16,6.5285,109.14,1.4369,0.8854,
5/16/16,6.5184,108.89,1.4411,0.8828,
5/17/16,6.517,109.02,1.4485,0.8821,
5/18/16,6.537,109.65,1.4615,0.8868,
5/19/16,6.544,109.81,1.4608,0.8917,
5/20/16,6.5485,110.52,1.4513,0.8923,
5/23/16,6.5533,109.47,1.4444,0.8935,
5/24/16,6.5552,110,1.4623,0.8973,
5/25/16,6.5538,110.22,1.4694,0.8965,
5/26/16,6.554,109.74,1.4673,0.8941,
5/27/16,6.5615,109.86,1.4644,0.8977,
5/30/16,,,,,
5/31/16,6.5798,110.75,1.453,0.8981,
6/1/16,6.5748,109.55,1.4395,0.8957,
6/2/16,6.5815,108.75,1.4419,0.8963,
6/3/16,6.5638,106.88,1.4521,0.8826,
6/6/16,6.5611,107.33,1.445,0.8807,
6/7/16,6.571,107.3,1.4564,0.8811,
6/8/16,6.56,106.68,1.4546,0.8772,
6/9/16,6.559,106.54,1.4467,0.8827,
6/10/16,6.559,107.06,1.4342,0.8864,
6/13/16,6.5823,106.07,1.4223,0.8864,
6/14/16,6.593,106.02,1.413,0.8924,
6/15/16,6.5785,105.87,1.4185,0.8898,
6/16/16,6.5899,104.05,1.4075,0.8962,
6/17/16,6.5849,104.2,1.4285,0.8884,
6/20/16,6.5768,104.32,1.4688,0.8835,
6/21/16,6.5893,104.56,1.4668,0.8879,
6/22/16,6.575,104.56,1.4682,0.8861,
6/23/16,6.574,105.9,1.48,0.8793,
6/24/16,6.615,102.26,1.3639,0.8988,
6/27/16,6.6481,101.66,1.3217,0.9071,
6/28/16,6.645,102.71,1.3294,0.9046,
6/29/16,6.635,102.68,1.351,0.8995,
6/30/16,6.6459,102.77,1.3242,0.9065,
7/1/16,6.6547,102.55,1.3281,0.8973,
7/4/16,,,,,
7/5/16,6.677,101.58,1.3021,0.9025,
7/6/16,6.69,101.12,1.2921,0.9028,
7/7/16,6.679,100.74,1.2926,0.9038,
7/8/16,6.6878,100.65,1.2938,0.906,
7/11/16,6.6917,102.66,1.2986,0.9054,
7/12/16,6.686,104.72,1.3237,0.903,
7/13/16,6.6832,104.1,1.318,0.8999,
7/14/16,6.6801,105.4,1.3332,0.9002,
7/15/16,6.6865,105.64,1.3194,0.9042,
7/18/16,6.7013,106,1.3279,0.9029,
7/19/16,6.6931,106.13,1.3123,0.9079,
7/20/16,6.676,106.65,1.3179,0.9085,
7/21/16,6.6735,105.98,1.3216,0.9078,
7/22/16,6.676,106.22,1.3091,0.9117,
7/25/16,6.6783,106.02,1.313,0.9107,
7/26/16,6.669,104.83,1.3133,0.9104,
7/27/16,6.668,105.65,1.3094,0.9101,
7/28/16,6.6538,104.86,1.3151,0.9014,
7/29/16,6.6371,102.32,1.327,0.8954,
8/1/16,6.6421,102.26,1.3209,0.8948,
8/2/16,6.6239,100.82,1.3326,0.8909,
8/3/16,6.632,101.34,1.3335,0.8953,
8/4/16,6.6388,101.08,1.3143,0.8981,
8/5/16,6.653,101.74,1.3069,0.9025,
8/8/16,6.6597,102.53,1.3042,0.9027,
8/9/16,6.653,101.96,1.301,0.9001,
8/10/16,6.6345,101.27,1.2998,0.8952,
8/11/16,6.6274,101.46,1.296,0.8954,
8/12/16,6.6324,101.01,1.2934,0.8951,
8/15/16,6.637,101.02,1.2874,0.8929,
8/16/16,6.624,100.28,1.3019,0.8868,
8/17/16,6.6328,100.24,1.3012,0.8879,
8/18/16,6.6297,100.07,1.3147,0.8823,
8/19/16,6.6515,100.24,1.3061,0.8829,
8/22/16,6.6475,100.25,1.3133,0.8839,
8/23/16,6.6378,100.2,1.3179,0.8843,
8/24/16,6.6562,100.5,1.3236,0.8884,
8/25/16,6.656,100.58,1.3177,0.887,
8/26/16,6.669,101.2,1.3168,0.8899,
8/29/16,6.6775,102.13,1.3089,0.8943,
8/30/16,6.6778,102.92,1.3084,0.8969,
8/31/16,6.6776,103.38,1.3129,0.8972,
9/1/16,6.6713,103.22,1.3273,0.8933,
9/2/16,6.679,104.18,1.3299,0.8962,
9/5/16,,,,,
9/6/16,6.6722,102.28,1.3429,0.8899,
9/7/16,6.66,101.72,1.3339,0.8898,
9/8/16,6.664,102.28,1.3301,0.8884,
9/9/16,6.6778,102.86,1.3257,0.8917,
9/12/16,6.6788,101.96,1.3313,0.8905,
9/13/16,6.6782,102.14,1.3184,0.8895,
9/14/16,6.6707,102.33,1.3204,0.8872,
9/15/16,6.6707,102.24,1.3215,0.8892,
9/16/16,6.6707,102.36,1.309,0.8961,
9/19/16,6.665,101.82,1.3051,0.8945,
9/20/16,6.67,101.66,1.2974,0.8951,
9/21/16,6.6695,100.62,1.2978,0.8957,
9/22/16,6.663,100.8,1.3092,0.8906,
9/23/16,6.669,101.04,1.2959,0.891,
9/26/16,6.6683,100.34,1.2978,0.8873,
9/27/16,6.6691,100.36,1.3005,0.8922,
9/28/16,6.673,100.57,1.2996,0.8929,
9/29/16,6.665,101.48,1.2991,0.8894,
9/30/16,6.6685,101.21,1.3015,0.8898,
10/3/16,6.6685,101.54,1.284,0.8921,
10/4/16,6.6685,102.66,1.2746,0.8919,
10/5/16,6.6685,103.53,1.2745,0.8932,
10/6/16,6.6685,104.02,1.2647,0.8962,
10/7/16,6.6685,103.42,1.2434,0.8964,
10/10/16,,,,,
10/11/16,6.719,103.36,1.2218,0.904,
10/12/16,6.718,104.48,1.2195,0.9079,
10/13/16,6.7248,103.62,1.2201,0.906,
10/14/16,6.7277,104.1,1.2189,0.9103,
10/17/16,6.735,103.96,1.2186,0.9091,
10/18/16,6.7401,103.8,1.231,0.9093,
10/19/16,6.737,103.3,1.2279,0.9119,
10/20/16,6.7439,103.92,1.2256,0.9146,
10/21/16,6.7654,103.96,1.221,0.9203,
10/24/16,6.7728,104.2,1.2204,0.9184,
10/25/16,6.778,104.25,1.2164,0.9183,
10/26/16,6.7706,104.42,1.2234,0.9161,
10/27/16,6.7819,105.14,1.2173,0.9171,
10/28/16,6.776,105.4,1.2155,0.9146,
10/31/16,6.7735,105.07,1.2212,0.9122,
11/1/16,6.763,104.59,1.2218,0.9056,
11/2/16,6.7606,103.22,1.2315,0.8994,
11/3/16,6.7612,103.17,1.2454,0.9014,
11/4/16,6.7534,103.02,1.2546,0.8992,
11/7/16,6.774,104.6,1.2403,0.906,
11/8/16,6.784,104.98,1.2372,0.9063,
11/9/16,6.7769,104.84,1.2474,0.9131,
11/10/16,6.7987,106.56,1.2523,0.9189,
11/11/16,,,,,
11/14/16,6.8447,108.3,1.2469,0.9326,
11/15/16,6.8556,108.94,1.2422,0.9323,
11/16/16,6.877,109.16,1.245,0.9347,
11/17/16,6.8674,109.64,1.245,0.9384,
11/18/16,6.8873,110.51,1.2327,0.9434,
11/21/16,6.8918,111.12,1.2474,0.9437,
11/22/16,6.888,110.98,1.2424,0.9418,
11/23/16,6.9195,112.58,1.2458,0.947,
11/24/16,,,,,
11/25/16,6.9176,113.17,1.2462,0.9438,
11/28/16,6.9055,112.36,1.2411,0.9455,
11/29/16,6.8933,112.78,1.2505,0.9411,
11/30/16,6.8837,114.34,1.2481,0.9454,
12/1/16,6.883,114.34,1.2596,0.9404,
12/2/16,6.883,113.76,1.2685,0.9376,
12/5/16,6.8775,114.1,1.2708,0.9326,
12/6/16,6.879,113.98,1.2706,0.9331,
12/7/16,6.878,113.5,1.2604,0.9295,
12/8/16,6.8771,114.16,1.2574,0.9412,
12/9/16,6.9042,115.17,1.259,0.9487,
12/12/16,6.9045,115.34,1.2677,0.9429,
12/13/16,6.8984,115.26,1.2685,0.9403,
12/14/16,6.9025,115.06,1.2706,0.9384,
12/15/16,6.941,118.32,1.2389,0.9639,
12/16/16,6.958,117.74,1.2478,0.9564,
12/19/16,6.9506,116.6,1.2419,0.9575,
12/20/16,6.947,117.86,1.2358,0.9625,
12/21/16,6.939,117.79,1.2348,0.9592,
12/22/16,6.9473,117.48,1.2301,0.9568,
12/23/16,6.9432,117.22,1.2252,0.957,
12/26/16,,,,,
12/27/16,6.9491,117.52,1.2261,0.9562,
12/28/16,6.9559,117.66,1.2222,0.9626,
12/29/16,6.9535,116.32,1.2237,0.9537,
12/30/16,6.943,116.78,1.2337,0.9477,
1/2/17,,,,,
1/3/17,6.9575,117.68,1.2256,0.9601,
1/4/17,6.9322,117.38,1.2299,0.9546,
1/5/17,6.887,115.46,1.2415,0.9436,
1/6/17,6.9176,116.85,1.2314,0.947,
1/9/17,6.935,116.07,1.2167,0.9455,
1/10/17,6.918,115.74,1.2165,0.9459,
1/11/17,6.9365,116.26,1.2118,0.9523,
1/12/17,6.889,113.87,1.2211,0.9376,
1/13/17,6.8985,115.03,1.2198,0.9412,
1/16/17,,,,,
1/17/17,6.852,112.96,1.2388,0.935,
1/18/17,6.836,113.4,1.2309,0.9362,
1/19/17,6.868,115.3,1.2319,0.9407,
1/20/17,,,,,
1/23/17,6.8514,112.9,1.2485,0.9311,
1/24/17,6.8555,113.63,1.2531,0.9303,
1/25/17,6.8812,113.6,1.262,0.9308,
1/26/17,6.8768,114.7,1.2579,0.9372,
1/27/17,6.8768,115.16,1.2531,0.9355,
1/30/17,6.8768,113.86,1.2478,0.9362,
1/31/17,6.8768,112.72,1.2585,0.9264,
2/1/17,6.8768,113.29,1.2643,0.9295,
2/2/17,6.8768,112.48,1.2541,0.9258,
2/3/17,6.865,112.42,1.2504,0.9266,
2/6/17,6.86,112.32,1.245,0.9319,
2/7/17,6.8821,112.14,1.2486,0.9355,
2/8/17,6.87,111.74,1.2543,0.9339,
2/9/17,6.866,113.24,1.2516,0.9383,
2/10/17,6.8775,113.22,1.2502,0.939,
2/13/17,6.8776,113.79,1.251,0.9431,
2/14/17,6.8649,114.34,1.2465,0.9454,
2/15/17,6.8685,114.17,1.2465,0.9437,
2/16/17,6.8517,113.36,1.2477,0.9381,
2/17/17,6.864,112.86,1.2428,0.9422,
2/20/17,,,,,
2/21/17,6.881,113.48,1.2465,0.9478,
2/22/17,6.8765,113.46,1.2456,0.9474,
2/23/17,6.8622,112.68,1.2548,0.9446,
2/24/17,6.8645,112.26,1.2499,0.9452,
2/27/17,6.8675,112.01,1.2473,0.9413,
2/28/17,6.8665,112.06,1.2427,0.9418,
3/1/17,6.8794,113.66,1.2318,0.9466,
3/2/17,6.8868,114.45,1.2267,0.9511,
3/3/17,6.8954,114.6,1.2249,0.9477,
3/6/17,6.8955,113.92,1.2243,0.9446,
3/7/17,6.9,113.99,1.2209,0.945,
3/8/17,6.9113,114.58,1.2152,0.9481,
3/9/17,6.9086,114.71,1.2166,0.9446,
3/10/17,6.905,115.02,1.2158,0.9375,
3/13/17,6.905,114.61,1.2234,0.9372,
3/14/17,6.913,114.63,1.2168,0.9394,
3/15/17,6.9132,114.66,1.2222,0.9407,
3/16/17,6.913,113.02,1.237,0.9313,
3/17/17,6.9,112.67,1.2372,0.9309,
3/20/17,6.905,112.59,1.2365,0.9299,
3/21/17,6.883,111.9,1.2479,0.9251,
3/22/17,6.8785,111.06,1.2476,0.9259,
3/23/17,6.8843,111.12,1.2526,0.927,
3/24/17,6.8803,111.03,1.2491,0.9254,
3/27/17,6.8687,110.48,1.2583,0.9189,
3/28/17,6.8779,110.56,1.2503,0.9215,
3/29/17,6.8879,111.05,1.2411,0.9297,
3/30/17,6.887,111.36,1.2489,0.9323,
3/31/17,6.8832,111.41,1.2537,0.9348,
4/3/17,6.8832,110.96,1.2479,0.9385,
4/4/17,6.8832,110.74,1.2437,0.9377,
4/5/17,6.892,111.2,1.2488,0.938,
4/6/17,6.8955,111.02,1.2486,0.9389,
4/7/17,6.8978,110.76,1.2398,0.942,
4/10/17,6.8988,110.95,1.2418,0.9429,
4/11/17,6.8893,109.74,1.2484,0.9422,
4/12/17,6.889,109.54,1.25,0.9424,
4/13/17,6.8865,109.23,1.2522,0.9407,
4/14/17,6.8835,108.63,1.2531,0.9412,
4/17/17,6.88,108.46,1.2587,0.9381,
4/18/17,6.8778,108.4,1.2769,0.9341,
4/19/17,6.886,109.06,1.2789,0.934,
4/20/17,6.88,109.34,1.283,0.9295,
4/21/17,6.8845,109.08,1.2783,0.9351,
4/24/17,6.884,109.74,1.2783,0.922,
4/25/17,6.8824,110.88,1.2836,0.914,
4/26/17,6.8918,111.52,1.2838,0.9198,
4/27/17,6.8958,111.13,1.2889,0.9205,
4/28/17,6.89,111.44,1.2938,0.9179,
5/1/17,6.89,111.78,1.2917,0.9164,
5/2/17,6.8949,112.06,1.2921,0.9166,
5/3/17,6.8968,112.34,1.2916,0.9158,
5/4/17,6.8959,112.7,1.291,0.9118,
5/5/17,6.9021,112.63,1.295,0.9094,
5/8/17,6.904,112.84,1.2942,0.9151,
5/9/17,6.906,114.19,1.2939,0.9195,
5/10/17,6.9011,114.02,1.2939,0.9197,
5/11/17,6.9033,113.77,1.2885,0.92,
5/12/17,6.8972,113.3,1.288,0.9152,
5/15/17,6.89,113.54,1.2917,0.9108,
5/16/17,6.884,113.24,1.2912,0.9032,
5/17/17,6.8773,111.46,1.2944,0.8981,
5/18/17,6.888,110.82,1.3009,0.8985,
5/19/17,6.883,111.47,1.3018,0.8937,
5/22/17,6.8828,111.15,1.3006,0.89,
5/23/17,6.888,111.64,1.2984,0.893,
5/24/17,6.8883,112.02,1.2935,0.8949,
5/25/17,6.8672,111.7,1.2954,0.8914,
5/26/17,6.8525,111.3,1.2795,0.8953,
5/29/17,,,,,
5/30/17,6.8525,110.68,1.2858,0.8942,
5/31/17,6.8098,110.71,1.2905,0.89,
6/1/17,6.8029,111.24,1.2894,0.8917,
6/2/17,6.8085,110.49,1.2885,0.8873,
6/5/17,6.803,110.49,1.2917,0.8889,
6/6/17,6.7945,109.34,1.2901,0.8876,
6/7/17,6.7935,109.54,1.2941,0.89,
6/8/17,6.799,110.1,1.2939,0.8915,
6/9/17,6.797,110.61,1.2737,0.8937,
6/12/17,6.7974,109.72,1.2658,0.8925,
6/13/17,6.7981,110.12,1.2739,0.8933,
6/14/17,6.7888,109.16,1.2808,0.8868,
6/15/17,6.8061,110.66,1.2768,0.8967,
6/16/17,6.8097,110.84,1.2778,0.8933,
6/19/17,6.818,111.34,1.2743,0.8961,
6/20/17,6.8285,111.46,1.2628,0.899,
6/21/17,6.8275,111.58,1.2667,0.8974,
6/22/17,6.8275,111.36,1.2659,0.897,
6/23/17,6.8345,111.26,1.2727,0.8932,
6/26/17,6.8382,111.48,1.2732,0.8932,
6/27/17,6.81,112.42,1.2791,0.885,
6/28/17,6.7984,112.18,1.2936,0.88,
6/29/17,6.784,112.32,1.2984,0.8757,
6/30/17,6.7793,112.4,1.2995,0.8763,
7/3/17,6.7984,113.32,1.2951,0.8797,
7/4/17,,,,,
7/5/17,6.7995,113.2,1.2934,0.8821,
7/6/17,6.799,113.28,1.2967,0.8765,
7/7/17,6.8039,114.1,1.288,0.8775,
7/10/17,6.8026,114.08,1.2884,0.8775,
7/11/17,6.801,114.2,1.2851,0.8749,
7/12/17,6.7865,113.19,1.2889,0.8763,
7/13/17,6.7825,113.39,1.2921,0.8783,
7/14/17,6.7741,112.66,1.3079,0.8732,
7/17/17,6.769,112.76,1.3058,0.8718,
7/18/17,6.7451,111.89,1.3026,0.8637,
7/19/17,6.7511,111.77,1.3036,0.8682,
7/20/17,6.757,111.68,1.2976,0.8595,
7/21/17,6.7663,111.18,1.2968,0.858,
7/24/17,6.7488,111.1,1.3028,0.859,
7/25/17,6.7495,111.57,1.3046,0.8579,
7/26/17,6.753,112.1,1.3048,0.8597,
7/27/17,6.741,111.62,1.3065,0.8579,
7/28/17,6.7362,110.87,1.3124,0.8508,
7/31/17,6.724,110.38,1.3196,0.8456,
8/1/17,6.717,110.33,1.3206,0.8475,
8/2/17,6.72,110.43,1.3236,0.8431,
8/3/17,6.715,110.12,1.3144,0.8418,
8/4/17,6.7272,110.76,1.3036,0.8508,
8/7/17,6.7207,110.76,1.3021,0.8483,
8/8/17,6.7049,110.74,1.2968,0.853,
8/9/17,6.672,110.04,1.2997,0.8512,
8/10/17,6.646,109.37,1.2978,0.851,
8/11/17,6.6612,109.06,1.2988,0.8467,
8/14/17,6.6695,109.48,1.2975,0.8485,
8/15/17,6.6845,110.42,1.2862,0.8521,
8/16/17,6.69,110.8,1.286,0.8545,
8/17/17,6.673,109.88,1.2888,0.8521,
8/18/17,6.67,109.32,1.2847,0.8512,
8/21/17,6.663,108.89,1.2903,0.8465,
8/22/17,6.66,109.4,1.2834,0.8502,
8/23/17,6.6569,109.14,1.2787,0.8473,
8/24/17,6.66,109.34,1.2802,0.8474,
8/25/17,6.6465,109.24,1.2873,0.8422,
8/28/17,6.6084,109.22,1.2927,0.8352,
8/29/17,6.5945,109.02,1.2937,0.8316,
8/30/17,6.5918,110.2,1.2934,0.8384,
8/31/17,6.5888,110.06,1.2888,0.8408,
9/1/17,6.5552,110.09,1.2972,0.8419,
9/4/17,,,,,
9/5/17,6.5345,108.94,1.3013,0.8396,
9/6/17,6.5221,108.75,1.3073,0.8373,
9/7/17,6.483,108.26,1.3094,0.8314,
9/8/17,6.4773,107.72,1.3211,0.8305,
9/11/17,6.5254,109.03,1.3173,0.8358,
9/12/17,6.5334,110.01,1.328,0.8356,
9/13/17,6.54,110.58,1.3218,0.8405,
9/14/17,6.552,110.66,1.3398,0.8413,
9/15/17,6.55,110.84,1.3578,0.8362,
9/18/17,6.5725,111.48,1.3485,0.8377,
9/19/17,6.58,111.49,1.3517,0.8347,
9/20/17,6.57,111.5,1.3564,0.8335,
9/21/17,6.5861,112.3,1.3576,0.8371,
9/22/17,6.5899,112.01,1.3531,0.8355,
9/25/17,6.6189,111.64,1.3457,0.8437,
9/26/17,6.6371,112.16,1.3422,0.8495,
9/27/17,6.64,112.76,1.3401,0.8513,
9/28/17,6.6591,112.66,1.3435,0.8492,
9/29/17,6.6533,112.64,1.3402,0.8465,
,,,,,x