date,Federal Funds (Effective),TCMNOM_M6,TCMNOM_Y10,TCMNOM_Y1
1/2/12,,,,
1/3/12,0.07,0.06,1.97,0.12
1/4/12,0.07,0.06,2,0.12
1/5/12,0.07,0.07,2.02,0.11
1/6/12,0.07,0.05,1.98,0.12
1/9/12,0.08,0.05,1.98,0.11
1/10/12,0.08,0.05,2,0.11
1/11/12,0.08,0.05,1.93,0.11
1/12/12,0.08,0.06,1.94,0.11
1/13/12,0.09,0.06,1.89,0.1
1/16/12,,,,
1/17/12,0.09,0.06,1.87,0.11
1/18/12,0.09,0.07,1.92,0.11
1/19/12,0.1,0.07,2.01,0.11
1/20/12,0.09,0.07,2.05,0.11
1/23/12,0.09,0.07,2.09,0.12
1/24/12,0.09,0.07,2.08,0.12
1/25/12,0.08,0.07,2.01,0.12
1/26/12,0.08,0.08,1.96,0.12
1/27/12,0.09,0.08,1.93,0.12
1/30/12,0.09,0.08,1.87,0.12
1/31/12,0.11,0.08,1.83,0.13
2/1/12,0.11,0.09,1.87,0.13
2/2/12,0.11,0.1,1.86,0.14
2/3/12,0.11,0.1,1.97,0.14
2/6/12,0.11,0.1,1.93,0.14
2/7/12,0.11,0.11,2,0.14
2/8/12,0.11,0.11,2.01,0.15
2/9/12,0.11,0.12,2.04,0.15
2/10/12,0.12,0.12,1.96,0.15
2/13/12,0.12,0.14,1.99,0.15
2/14/12,0.12,0.15,1.92,0.18
2/15/12,0.12,0.13,1.93,0.18
2/16/12,0.11,0.13,1.99,0.17
2/17/12,0.09,0.13,2.01,0.18
2/20/12,,,,
2/21/12,0.1,0.13,2.05,0.17
2/22/12,0.08,0.13,2.01,0.17
2/23/12,0.08,0.14,1.99,0.17
2/24/12,0.09,0.14,1.98,0.18
2/27/12,0.1,0.14,1.92,0.17
2/28/12,0.1,0.14,1.94,0.18
2/29/12,0.1,0.13,1.98,0.18
3/1/12,0.11,0.13,2.03,0.18
3/2/12,0.11,0.12,1.99,0.17
3/5/12,0.11,0.14,2,0.17
3/6/12,0.11,0.13,1.96,0.17
3/7/12,0.11,0.14,1.98,0.18
3/8/12,0.11,0.14,2.03,0.18
3/9/12,0.12,0.13,2.04,0.18
3/12/12,0.12,0.15,2.04,0.18
3/13/12,0.12,0.15,2.14,0.2
3/14/12,0.13,0.15,2.29,0.21
3/15/12,0.14,0.15,2.29,0.21
3/16/12,0.15,0.15,2.31,0.21
3/19/12,0.15,0.15,2.39,0.21
3/20/12,0.15,0.15,2.38,0.22
3/21/12,0.15,0.15,2.31,0.21
3/22/12,0.14,0.14,2.29,0.19
3/23/12,0.14,0.14,2.25,0.19
3/26/12,0.14,0.15,2.26,0.19
3/27/12,0.14,0.14,2.2,0.18
3/28/12,0.13,0.14,2.21,0.18
3/29/12,0.13,0.14,2.18,0.18
3/30/12,0.09,0.15,2.23,0.19
4/2/12,0.15,0.14,2.22,0.18
4/3/12,0.15,0.15,2.3,0.2
4/4/12,0.15,0.14,2.25,0.19
4/5/12,0.15,0.14,2.19,0.19
4/6/12,0.12,0.14,2.07,0.19
4/9/12,0.16,0.15,2.06,0.19
4/10/12,0.15,0.15,2.01,0.19
4/11/12,0.16,0.14,2.05,0.18
4/12/12,0.15,0.14,2.08,0.18
4/13/12,0.15,0.13,2.02,0.17
4/16/12,0.15,0.14,2,0.18
4/17/12,0.16,0.13,2.03,0.18
4/18/12,0.15,0.13,2,0.18
4/19/12,0.13,0.12,1.98,0.17
4/20/12,0.12,0.13,1.99,0.18
4/23/12,0.13,0.13,1.96,0.17
4/24/12,0.14,0.14,2,0.18
4/25/12,0.15,0.14,2.01,0.18
4/26/12,0.14,0.15,1.98,0.18
4/27/12,0.13,0.14,1.96,0.19
4/30/12,0.16,0.15,1.95,0.2
5/1/12,0.16,0.15,1.98,0.19
5/2/12,0.15,0.15,1.96,0.18
5/3/12,0.15,0.15,1.96,0.19
5/4/12,0.16,0.14,1.91,0.18
5/7/12,0.16,0.15,1.92,0.18
5/8/12,0.16,0.15,1.88,0.18
5/9/12,0.15,0.15,1.87,0.18
5/10/12,0.15,0.15,1.89,0.18
5/11/12,0.15,0.15,1.84,0.18
5/14/12,0.16,0.15,1.78,0.19
5/15/12,0.16,0.15,1.76,0.19
5/16/12,0.16,0.15,1.76,0.2
5/17/12,0.16,0.16,1.7,0.2
5/18/12,0.16,0.15,1.71,0.2
5/21/12,0.16,0.14,1.75,0.21
5/22/12,0.16,0.14,1.79,0.21
5/23/12,0.15,0.13,1.73,0.2
5/24/12,0.15,0.14,1.77,0.21
5/25/12,0.15,0.14,1.75,0.2
5/28/12,,,,
5/29/12,0.16,0.14,1.74,0.2
5/30/12,0.16,0.13,1.63,0.19
5/31/12,0.16,0.14,1.59,0.18
6/1/12,0.16,0.12,1.47,0.17
6/4/12,0.17,0.13,1.53,0.18
6/5/12,0.17,0.14,1.57,0.18
6/6/12,0.16,0.13,1.66,0.18
6/7/12,0.16,0.14,1.66,0.18
6/8/12,0.17,0.14,1.65,0.19
6/11/12,0.17,0.15,1.6,0.18
6/12/12,0.16,0.15,1.67,0.19
6/13/12,0.17,0.15,1.61,0.18
6/14/12,0.17,0.15,1.64,0.18
6/15/12,0.18,0.15,1.6,0.18
6/18/12,0.17,0.15,1.59,0.18
6/19/12,0.17,0.14,1.64,0.18
6/20/12,0.16,0.16,1.65,0.2
6/21/12,0.17,0.15,1.63,0.19
6/22/12,0.17,0.15,1.69,0.19
6/25/12,0.17,0.16,1.63,0.19
6/26/12,0.16,0.15,1.66,0.21
6/27/12,0.15,0.17,1.65,0.21
6/28/12,0.15,0.17,1.6,0.22
6/29/12,0.09,0.16,1.67,0.21
7/2/12,0.18,0.15,1.61,0.21
7/3/12,0.17,0.15,1.65,0.21
7/4/12,,,,
7/5/12,0.17,0.15,1.62,0.19
7/6/12,0.17,0.15,1.57,0.2
7/9/12,0.17,0.14,1.53,0.2
7/10/12,0.17,0.15,1.53,0.2
7/11/12,0.17,0.15,1.54,0.2
7/12/12,0.18,0.15,1.5,0.2
7/13/12,0.19,0.15,1.52,0.2
7/16/12,0.18,0.14,1.5,0.18
7/17/12,0.17,0.14,1.53,0.18
7/18/12,0.16,0.14,1.52,0.18
7/19/12,0.13,0.14,1.54,0.17
7/20/12,0.13,0.14,1.49,0.17
7/23/12,0.14,0.14,1.47,0.17
7/24/12,0.15,0.15,1.44,0.18
7/25/12,0.15,0.14,1.43,0.17
7/26/12,0.14,0.15,1.45,0.18
7/27/12,0.14,0.15,1.58,0.17
7/30/12,0.14,0.15,1.53,0.18
7/31/12,0.13,0.14,1.51,0.16
8/1/12,0.14,0.14,1.56,0.17
8/2/12,0.14,0.14,1.51,0.17
8/3/12,0.14,0.14,1.6,0.16
8/6/12,0.14,0.14,1.59,0.16
8/7/12,0.13,0.14,1.66,0.19
8/8/12,0.13,0.14,1.68,0.19
8/9/12,0.13,0.15,1.69,0.2
8/10/12,0.13,0.14,1.65,0.18
8/13/12,0.13,0.15,1.65,0.19
8/14/12,0.13,0.15,1.73,0.19
8/15/12,0.13,0.14,1.8,0.19
8/16/12,0.13,0.14,1.83,0.2
8/17/12,0.13,0.14,1.81,0.2
8/20/12,0.13,0.14,1.82,0.19
8/21/12,0.13,0.14,1.8,0.2
8/22/12,0.13,0.13,1.71,0.19
8/23/12,0.13,0.13,1.68,0.19
8/24/12,0.13,0.13,1.68,0.19
8/27/12,0.13,0.14,1.65,0.18
8/28/12,0.13,0.15,1.64,0.18
8/29/12,0.13,0.14,1.66,0.18
8/30/12,0.14,0.14,1.63,0.17
8/31/12,0.13,0.14,1.57,0.16
9/3/12,,,,
9/4/12,0.14,0.14,1.59,0.16
9/5/12,0.16,0.14,1.6,0.17
9/6/12,0.16,0.14,1.68,0.18
9/7/12,0.15,0.14,1.67,0.18
9/10/12,0.15,0.14,1.68,0.18
9/11/12,0.15,0.14,1.7,0.18
9/12/12,0.15,0.13,1.77,0.18
9/13/12,0.15,0.13,1.75,0.17
9/14/12,0.16,0.13,1.88,0.18
9/17/12,0.16,0.13,1.85,0.18
9/18/12,0.16,0.13,1.82,0.18
9/19/12,0.15,0.14,1.79,0.18
9/20/12,0.16,0.14,1.8,0.18
9/21/12,0.15,0.14,1.77,0.18
9/24/12,0.16,0.14,1.74,0.18
9/25/12,0.15,0.15,1.7,0.18
9/26/12,0.15,0.13,1.64,0.17
9/27/12,0.14,0.14,1.66,0.16
9/28/12,0.09,0.14,1.65,0.17
10/1/12,0.15,0.14,1.64,0.17
10/2/12,0.16,0.14,1.64,0.16
10/3/12,0.16,0.14,1.64,0.16
10/4/12,0.15,0.14,1.7,0.18
10/5/12,0.15,0.15,1.75,0.18
10/8/12,,,,
10/9/12,0.16,0.15,1.74,0.18
10/10/12,0.16,0.15,1.72,0.18
10/11/12,0.16,0.14,1.7,0.18
10/12/12,0.16,0.15,1.69,0.18
10/15/12,0.16,0.15,1.7,0.19
10/16/12,0.16,0.15,1.75,0.18
10/17/12,0.15,0.15,1.83,0.18
10/18/12,0.15,0.15,1.86,0.18
10/19/12,0.16,0.14,1.79,0.18
10/22/12,0.15,0.15,1.83,0.19
10/23/12,0.15,0.15,1.79,0.18
10/24/12,0.17,0.16,1.8,0.18
10/25/12,0.16,0.16,1.86,0.19
10/26/12,0.16,0.15,1.78,0.19
10/29/12,0.17,0.16,1.74,0.18
10/30/12,0.17,,,
10/31/12,0.18,0.16,1.72,0.18
11/1/12,0.17,0.15,1.75,0.18
11/2/12,0.16,0.15,1.75,0.19
11/5/12,0.17,0.15,1.72,0.19
11/6/12,0.16,0.15,1.78,0.19
11/7/12,0.16,0.14,1.68,0.18
11/8/12,0.16,0.15,1.62,0.2
11/9/12,0.16,0.15,1.61,0.18
11/12/12,,,,
11/13/12,0.16,0.15,1.59,0.18
11/14/12,0.16,0.15,1.59,0.18
11/15/12,0.16,0.14,1.58,0.17
11/16/12,0.16,0.13,1.58,0.16
11/19/12,0.16,0.14,1.61,0.16
11/20/12,0.16,0.14,1.66,0.16
11/21/12,0.16,0.14,1.69,0.17
11/22/12,,,,
11/23/12,0.16,0.14,1.7,0.19
11/26/12,0.16,0.15,1.66,0.17
11/27/12,0.16,0.15,1.64,0.18
11/28/12,0.16,0.14,1.63,0.18
11/29/12,0.16,0.15,1.62,0.18
11/30/12,0.16,0.13,1.62,0.18
12/3/12,0.16,0.14,1.63,0.18
12/4/12,0.17,0.15,1.62,0.18
12/5/12,0.16,0.14,1.6,0.18
12/6/12,0.16,0.14,1.59,0.18
12/7/12,0.16,0.14,1.64,0.18
12/10/12,0.16,0.14,1.63,0.18
12/11/12,0.17,0.13,1.66,0.16
12/12/12,0.17,0.1,1.72,0.14
12/13/12,0.16,0.11,1.74,0.14
12/14/12,0.17,0.09,1.72,0.13
12/17/12,0.16,0.1,1.78,0.13
12/18/12,0.17,0.12,1.84,0.16
12/19/12,0.17,0.1,1.82,0.15
12/20/12,0.17,0.1,1.81,0.15
12/21/12,0.17,0.12,1.77,0.15
12/24/12,0.18,0.11,1.79,0.16
12/25/12,,,,
12/26/12,0.17,0.13,1.77,0.16
12/27/12,0.17,0.12,1.74,0.15
12/28/12,0.17,0.1,1.73,0.15
12/31/12,0.09,0.11,1.78,0.16
1/1/13,,,,
1/2/13,0.17,0.12,1.86,0.15
1/3/13,0.17,0.12,1.92,0.15
1/4/13,0.16,0.11,1.93,0.15
1/7/13,0.16,0.11,1.92,0.15
1/8/13,0.15,0.11,1.89,0.14
1/9/13,0.14,0.09,1.88,0.13
1/10/13,0.14,0.1,1.91,0.14
1/11/13,0.14,0.1,1.89,0.14
1/14/13,0.14,0.11,1.89,0.14
1/15/13,0.15,0.11,1.86,0.14
1/16/13,0.14,0.11,1.84,0.14
1/17/13,0.14,0.11,1.89,0.14
1/18/13,0.14,0.1,1.87,0.14
1/21/13,,,,
1/22/13,0.14,0.1,1.86,0.14
1/23/13,0.13,0.1,1.86,0.15
1/24/13,0.15,0.1,1.88,0.15
1/25/13,0.14,0.11,1.98,0.15
1/28/13,0.14,0.11,2,0.16
1/29/13,0.12,0.11,2.03,0.15
1/30/13,0.12,0.11,2.03,0.15
1/31/13,0.15,0.12,2.02,0.15
2/1/13,0.14,0.11,2.04,0.15
2/4/13,0.13,0.11,2,0.15
2/5/13,0.13,0.11,2.04,0.15
2/6/13,0.13,0.12,2,0.15
2/7/13,0.13,0.11,1.99,0.15
2/8/13,0.14,0.11,1.99,0.14
2/11/13,0.14,0.12,1.99,0.15
2/12/13,0.13,0.12,2.02,0.14
2/13/13,0.14,0.12,2.05,0.15
2/14/13,0.14,0.13,2,0.16
2/15/13,0.16,0.13,2.01,0.17
2/18/13,,,,
2/19/13,0.15,0.13,2.03,0.17
2/20/13,0.15,0.13,2.02,0.17
2/21/13,0.16,0.13,1.99,0.16
2/22/13,0.16,0.14,1.97,0.16
2/25/13,0.15,0.14,1.88,0.16
2/26/13,0.14,0.14,1.88,0.17
2/27/13,0.14,0.13,1.91,0.17
2/28/13,0.14,0.13,1.89,0.17
3/1/13,0.14,0.12,1.86,0.16
3/4/13,0.16,0.12,1.88,0.16
3/5/13,0.15,0.12,1.9,0.15
3/6/13,0.15,0.12,1.95,0.15
3/7/13,0.16,0.11,2,0.15
3/8/13,0.15,0.11,2.06,0.15
3/11/13,0.16,0.12,2.07,0.15
3/12/13,0.15,0.12,2.03,0.15
3/13/13,0.14,0.12,2.04,0.15
3/14/13,0.15,0.12,2.04,0.15
3/15/13,0.16,0.11,2.01,0.14
3/18/13,0.16,0.11,1.96,0.15
3/19/13,0.15,0.11,1.92,0.15
3/20/13,0.15,0.11,1.96,0.15
3/21/13,0.16,0.11,1.95,0.14
3/22/13,0.15,0.11,1.93,0.14
3/25/13,0.15,0.11,1.93,0.14
3/26/13,0.14,0.11,1.92,0.14
3/27/13,0.12,0.12,1.87,0.14
3/28/13,0.13,0.11,1.87,0.14
3/29/13,0.09,,,
4/1/13,0.16,0.11,1.86,0.14
4/2/13,0.15,0.11,1.88,0.14
4/3/13,0.14,0.1,1.83,0.13
4/4/13,0.14,0.1,1.78,0.13
4/5/13,0.15,0.1,1.72,0.13
4/8/13,0.15,0.1,1.76,0.13
4/9/13,0.15,0.1,1.78,0.13
4/10/13,0.15,0.1,1.84,0.12
4/11/13,0.15,0.1,1.82,0.12
4/12/13,0.15,0.09,1.75,0.11
4/15/13,0.15,0.09,1.72,0.12
4/16/13,0.15,0.09,1.75,0.13
4/17/13,0.15,0.09,1.73,0.13
4/18/13,0.15,0.09,1.72,0.12
4/19/13,0.15,0.09,1.73,0.12
4/22/13,0.15,0.09,1.72,0.12
4/23/13,0.14,0.09,1.74,0.12
4/24/13,0.13,0.09,1.73,0.13
4/25/13,0.13,0.08,1.74,0.12
4/26/13,0.13,0.09,1.7,0.12
4/29/13,0.13,0.08,1.7,0.12
4/30/13,0.14,0.09,1.7,0.11
5/1/13,0.14,0.08,1.66,0.11
5/2/13,0.15,0.08,1.66,0.11
5/3/13,0.14,0.08,1.78,0.11
5/6/13,0.14,0.08,1.8,0.11
5/7/13,0.12,0.08,1.82,0.1
5/8/13,0.12,0.08,1.81,0.11
5/9/13,0.12,0.08,1.81,0.11
5/10/13,0.12,0.08,1.9,0.11
5/13/13,0.12,0.08,1.92,0.13
5/14/13,0.11,0.09,1.96,0.12
5/15/13,0.12,0.09,1.94,0.12
5/16/13,0.11,0.08,1.87,0.12
5/17/13,0.1,0.08,1.95,0.12
5/20/13,0.1,0.09,1.97,0.12
5/21/13,0.09,0.09,1.94,0.12
5/22/13,0.08,0.08,2.03,0.11
5/23/13,0.08,0.08,2.02,0.12
5/24/13,0.09,0.07,2.01,0.12
5/27/13,,,,
5/28/13,0.09,0.09,2.15,0.13
5/29/13,0.08,0.08,2.13,0.14
5/30/13,0.08,0.07,2.13,0.13
5/31/13,0.09,0.07,2.16,0.14
6/3/13,0.1,0.08,2.13,0.14
6/4/13,0.11,0.08,2.14,0.14
6/5/13,0.09,0.08,2.1,0.14
6/6/13,0.1,0.08,2.08,0.14
6/7/13,0.09,0.07,2.17,0.14
6/10/13,0.09,0.08,2.22,0.14
6/11/13,0.09,0.08,2.2,0.14
6/12/13,0.08,0.08,2.25,0.14
6/13/13,0.09,0.08,2.19,0.14
6/14/13,0.1,0.08,2.14,0.13
6/17/13,0.11,0.08,2.19,0.13
6/18/13,0.12,0.08,2.2,0.13
6/19/13,0.1,0.08,2.33,0.13
6/20/13,0.1,0.09,2.41,0.14
6/21/13,0.1,0.09,2.52,0.13
6/24/13,0.1,0.11,2.57,0.16
6/25/13,0.09,0.11,2.6,0.17
6/26/13,0.09,0.11,2.55,0.16
6/27/13,0.09,0.11,2.49,0.15
6/28/13,0.07,0.1,2.52,0.15
7/1/13,0.1,0.09,2.5,0.15
7/2/13,0.1,0.08,2.48,0.14
7/3/13,0.1,0.08,2.52,0.14
7/4/13,,,,
7/5/13,0.1,0.08,2.73,0.15
7/8/13,0.1,0.07,2.65,0.14
7/9/13,0.1,0.08,2.65,0.14
7/10/13,0.09,0.08,2.7,0.13
7/11/13,0.09,0.07,2.6,0.13
7/12/13,0.09,0.07,2.61,0.12
7/15/13,0.09,0.07,2.57,0.11
7/16/13,0.09,0.07,2.55,0.1
7/17/13,0.09,0.08,2.52,0.11
7/18/13,0.09,0.07,2.56,0.11
7/19/13,0.09,0.07,2.5,0.11
7/22/13,0.09,0.07,2.5,0.1
7/23/13,0.09,0.07,2.53,0.12
7/24/13,0.09,0.07,2.61,0.12
7/25/13,0.09,0.06,2.61,0.12
7/26/13,0.09,0.07,2.58,0.11
7/29/13,0.08,0.07,2.61,0.11
7/30/13,0.09,0.07,2.63,0.11
7/31/13,0.09,0.08,2.6,0.11
8/1/13,0.08,0.08,2.74,0.13
8/2/13,0.09,0.07,2.63,0.11
8/5/13,0.08,0.08,2.67,0.12
8/6/13,0.09,0.08,2.67,0.12
8/7/13,0.09,0.08,2.61,0.12
8/8/13,0.09,0.07,2.58,0.12
8/9/13,0.08,0.07,2.57,0.11
8/12/13,0.08,0.08,2.61,0.12
8/13/13,0.08,0.08,2.71,0.12
8/14/13,0.09,0.07,2.71,0.12
8/15/13,0.08,0.08,2.77,0.13
8/16/13,0.09,0.08,2.84,0.13
8/19/13,0.09,0.08,2.88,0.13
8/20/13,0.09,0.07,2.82,0.13
8/21/13,0.08,0.07,2.87,0.14
8/22/13,0.09,0.06,2.9,0.14
8/23/13,0.08,0.06,2.82,0.14
8/26/13,0.08,0.07,2.79,0.13
8/27/13,0.07,0.07,2.72,0.12
8/28/13,0.07,0.07,2.78,0.14
8/29/13,0.08,0.06,2.75,0.14
8/30/13,0.07,0.05,2.78,0.13
9/2/13,,,,
9/3/13,0.09,0.05,2.86,0.14
9/4/13,0.08,0.05,2.9,0.14
9/5/13,0.08,0.06,2.98,0.16
9/6/13,0.08,0.05,2.94,0.14
9/9/13,0.08,0.04,2.9,0.12
9/10/13,0.08,0.04,2.96,0.13
9/11/13,0.08,0.05,2.93,0.12
9/12/13,0.08,0.02,2.92,0.13
9/13/13,0.08,0.02,2.9,0.13
9/16/13,0.08,0.04,2.88,0.13
9/17/13,0.08,0.04,2.86,0.12
9/18/13,0.08,0.04,2.69,0.11
9/19/13,0.09,0.03,2.76,0.1
9/20/13,0.08,0.05,2.75,0.11
9/23/13,0.09,0.05,2.72,0.1
9/24/13,0.09,0.05,2.67,0.1
9/25/13,0.08,0.05,2.63,0.1
9/26/13,0.08,0.03,2.66,0.09
9/27/13,0.08,0.03,2.64,0.1
9/30/13,0.06,0.04,2.64,0.1
10/1/13,0.08,0.04,2.66,0.1
10/2/13,0.07,0.05,2.63,0.11
10/3/13,0.08,0.05,2.62,0.11
10/4/13,0.08,0.04,2.66,0.11
10/7/13,0.08,0.06,2.65,0.12
10/8/13,0.08,0.09,2.66,0.15
10/9/13,0.09,0.08,2.68,0.15
10/10/13,0.09,0.07,2.71,0.14
10/11/13,0.1,0.07,2.7,0.14
10/14/13,,,,
10/15/13,0.1,0.16,2.75,0.16
10/16/13,0.11,0.11,2.69,0.15
10/17/13,0.1,0.08,2.61,0.13
10/18/13,0.1,0.08,2.6,0.12
10/21/13,0.09,0.07,2.63,0.11
10/22/13,0.08,0.07,2.54,0.1
10/23/13,0.08,0.07,2.51,0.11
10/24/13,0.08,0.07,2.53,0.12
10/25/13,0.08,0.08,2.53,0.11
10/28/13,0.08,0.08,2.54,0.11
10/29/13,0.08,0.08,2.53,0.11
10/30/13,0.08,0.09,2.55,0.11
10/31/13,0.07,0.08,2.57,0.1
11/1/13,0.08,0.08,2.65,0.1
11/4/13,0.08,0.09,2.63,0.09
11/5/13,0.08,0.08,2.69,0.1
11/6/13,0.08,0.09,2.67,0.11
11/7/13,0.08,0.09,2.63,0.11
11/8/13,0.08,0.09,2.77,0.12
11/11/13,,,,
11/12/13,0.08,0.1,2.8,0.13
11/13/13,0.08,0.1,2.75,0.13
11/14/13,0.09,0.1,2.69,0.13
11/15/13,0.09,0.1,2.71,0.13
11/18/13,0.09,0.1,2.67,0.13
11/19/13,0.09,0.1,2.71,0.14
11/20/13,0.09,0.11,2.8,0.12
11/21/13,0.09,0.1,2.79,0.12
11/22/13,0.09,0.1,2.75,0.12
11/25/13,0.09,0.11,2.74,0.14
11/26/13,0.09,0.11,2.71,0.13
11/27/13,0.09,0.11,2.74,0.13
11/28/13,,,,
11/29/13,0.07,0.11,2.75,0.13
12/2/13,0.09,0.1,2.81,0.13
12/3/13,0.09,0.1,2.79,0.13
12/4/13,0.09,0.1,2.84,0.14
12/5/13,0.09,0.1,2.88,0.13
12/6/13,0.09,0.1,2.88,0.13
12/9/13,0.09,0.1,2.86,0.13
12/10/13,0.09,0.1,2.81,0.14
12/11/13,0.08,0.1,2.86,0.13
12/12/13,0.09,0.09,2.89,0.14
12/13/13,0.08,0.09,2.88,0.14
12/16/13,0.09,0.09,2.89,0.13
12/17/13,0.09,0.09,2.85,0.14
12/18/13,0.09,0.1,2.89,0.13
12/19/13,0.09,0.09,2.94,0.13
12/20/13,0.09,0.09,2.89,0.13
12/23/13,0.09,0.09,2.94,0.14
12/24/13,0.08,0.09,2.99,0.14
12/25/13,,,,
12/26/13,0.08,0.09,3,0.13
12/27/13,0.08,0.09,3.02,0.12
12/30/13,0.08,0.1,2.99,0.13
12/31/13,0.07,0.1,3.04,0.13
1/1/14,,,,
1/2/14,0.08,0.09,3,0.13
1/3/14,0.08,0.1,3.01,0.13
1/6/14,0.08,0.08,2.98,0.12
1/7/14,0.07,0.08,2.96,0.13
1/8/14,0.07,0.08,3.01,0.13
1/9/14,0.07,0.06,2.97,0.13
1/10/14,0.07,0.06,2.88,0.12
1/13/14,0.07,0.06,2.84,0.11
1/14/14,0.07,0.06,2.88,0.11
1/15/14,0.07,0.06,2.9,0.13
1/16/14,0.07,0.07,2.86,0.11
1/17/14,0.07,0.07,2.84,0.11
1/20/14,,,,
1/21/14,0.07,0.07,2.85,0.12
1/22/14,0.07,0.07,2.87,0.11
1/23/14,0.07,0.05,2.79,0.11
1/24/14,0.07,0.06,2.75,0.11
1/27/14,0.07,0.07,2.78,0.11
1/28/14,0.07,0.07,2.77,0.11
1/29/14,0.07,0.07,2.69,0.11
1/30/14,0.07,0.06,2.72,0.1
1/31/14,0.07,0.06,2.67,0.1
2/3/14,0.07,0.07,2.61,0.11
2/4/14,0.07,0.07,2.64,0.12
2/5/14,0.07,0.07,2.7,0.12
2/6/14,0.07,0.08,2.73,0.13
2/7/14,0.06,0.09,2.71,0.12
2/10/14,0.07,0.1,2.7,0.12
2/11/14,0.06,0.1,2.75,0.12
2/12/14,0.07,0.09,2.8,0.12
2/13/14,0.06,0.08,2.73,0.12
2/14/14,0.06,0.07,2.75,0.11
2/17/14,,,,
2/18/14,0.07,0.08,2.71,0.12
2/19/14,0.07,0.09,2.73,0.11
2/20/14,0.07,0.08,2.76,0.12
2/21/14,0.07,0.08,2.73,0.12
2/24/14,0.07,0.08,2.75,0.11
2/25/14,0.07,0.08,2.7,0.11
2/26/14,0.07,0.08,2.67,0.11
2/27/14,0.07,0.07,2.65,0.11
2/28/14,0.06,0.08,2.66,0.12
3/3/14,0.07,0.08,2.6,0.12
3/4/14,0.07,0.08,2.7,0.12
3/5/14,0.08,0.09,2.7,0.13
3/6/14,0.08,0.08,2.74,0.12
3/7/14,0.08,0.09,2.8,0.13
3/10/14,0.08,0.08,2.79,0.12
3/11/14,0.08,0.08,2.77,0.13
3/12/14,0.08,0.08,2.73,0.12
3/13/14,0.08,0.08,2.66,0.12
3/14/14,0.08,0.08,2.65,0.12
3/17/14,0.08,0.08,2.7,0.13
3/18/14,0.08,0.07,2.68,0.13
3/19/14,0.08,0.09,2.78,0.15
3/20/14,0.08,0.09,2.79,0.14
3/21/14,0.08,0.08,2.75,0.14
3/24/14,0.09,0.08,2.74,0.14
3/25/14,0.09,0.08,2.75,0.13
3/26/14,0.08,0.07,2.71,0.12
3/27/14,0.08,0.06,2.69,0.12
3/28/14,0.08,0.06,2.73,0.13
3/31/14,0.06,0.07,2.73,0.13
4/1/14,0.08,0.06,2.77,0.13
4/2/14,0.09,0.06,2.82,0.12
4/3/14,0.08,0.05,2.8,0.11
4/4/14,0.08,0.05,2.74,0.11
4/7/14,0.09,0.06,2.71,0.11
4/8/14,0.08,0.06,2.69,0.11
4/9/14,0.08,0.05,2.71,0.1
4/10/14,0.08,0.06,2.65,0.09
4/11/14,0.09,0.06,2.63,0.09
4/14/14,0.09,0.06,2.65,0.1
4/15/14,0.1,0.05,2.64,0.11
4/16/14,0.09,0.05,2.65,0.11
4/17/14,0.09,0.05,2.73,0.11
4/18/14,0.1,,,
4/21/14,0.1,0.06,2.73,0.11
4/22/14,0.1,0.06,2.73,0.11
4/23/14,0.1,0.05,2.7,0.11
4/24/14,0.1,0.04,2.7,0.1
4/25/14,0.09,0.04,2.68,0.11
4/28/14,0.09,0.05,2.7,0.1
4/29/14,0.1,0.05,2.71,0.11
4/30/14,0.09,0.05,2.67,0.11
5/1/14,0.09,0.05,2.63,0.1
5/2/14,0.09,0.05,2.6,0.1
5/5/14,0.09,0.05,2.63,0.11
5/6/14,0.09,0.05,2.61,0.1
5/7/14,0.08,0.05,2.62,0.1
5/8/14,0.08,0.05,2.61,0.1
5/9/14,0.08,0.05,2.62,0.1
5/12/14,0.08,0.05,2.66,0.09
5/13/14,0.09,0.05,2.61,0.1
5/14/14,0.08,0.05,2.54,0.1
5/15/14,0.09,0.05,2.5,0.09
5/16/14,0.09,0.05,2.52,0.09
5/19/14,0.09,0.05,2.54,0.09
5/20/14,0.09,0.06,2.52,0.09
5/21/14,0.09,0.06,2.54,0.09
5/22/14,0.09,0.05,2.56,0.09
5/23/14,0.09,0.05,2.54,0.1
5/26/14,,,,
5/27/14,0.09,0.06,2.52,0.09
5/28/14,0.09,0.05,2.44,0.1
5/29/14,0.09,0.05,2.45,0.1
5/30/14,0.08,0.06,2.48,0.1
6/2/14,0.09,0.06,2.54,0.1
6/3/14,0.1,0.06,2.6,0.1
6/4/14,0.09,0.06,2.61,0.1
6/5/14,0.09,0.06,2.59,0.1
6/6/14,0.09,0.06,2.6,0.11
6/9/14,0.09,0.06,2.62,0.11
6/10/14,0.09,0.06,2.64,0.11
6/11/14,0.09,0.06,2.65,0.11
6/12/14,0.09,0.07,2.58,0.1
6/13/14,0.1,0.07,2.6,0.11
6/16/14,0.1,0.07,2.61,0.11
6/17/14,0.1,0.07,2.66,0.11
6/18/14,0.1,0.06,2.61,0.1
6/19/14,0.1,0.05,2.64,0.09
6/20/14,0.1,0.04,2.63,0.09
6/23/14,0.1,0.06,2.63,0.1
6/24/14,0.1,0.06,2.59,0.12
6/25/14,0.1,0.05,2.57,0.11
6/26/14,0.1,0.06,2.53,0.11
6/27/14,0.1,0.06,2.54,0.1
6/30/14,0.09,0.07,2.53,0.11
7/1/14,0.1,0.06,2.58,0.11
7/2/14,0.1,0.06,2.64,0.12
7/3/14,0.09,0.06,2.65,0.11
7/4/14,,,,
7/7/14,0.1,0.06,2.63,0.12
7/8/14,0.09,0.06,2.58,0.11
7/9/14,0.09,0.06,2.57,0.11
7/10/14,0.09,0.06,2.55,0.1
7/11/14,0.09,0.07,2.53,0.11
7/14/14,0.09,0.06,2.55,0.11
7/15/14,0.09,0.06,2.56,0.11
7/16/14,0.09,0.06,2.55,0.11
7/17/14,0.09,0.06,2.47,0.1
7/18/14,0.09,0.05,2.5,0.1
7/21/14,0.1,0.06,2.49,0.11
7/22/14,0.09,0.07,2.48,0.11
7/23/14,0.09,0.05,2.48,0.11
7/24/14,0.09,0.06,2.52,0.11
7/25/14,0.09,0.06,2.48,0.11
7/28/14,0.09,0.06,2.5,0.11
7/29/14,0.09,0.06,2.47,0.12
7/30/14,0.09,0.06,2.57,0.13
7/31/14,0.08,0.05,2.58,0.12
8/1/14,0.09,0.05,2.52,0.13
8/4/14,0.09,0.06,2.51,0.12
8/5/14,0.09,0.05,2.49,0.12
8/6/14,0.09,0.05,2.49,0.11
8/7/14,0.09,0.04,2.43,0.11
8/8/14,0.09,0.05,2.44,0.1
8/11/14,0.09,0.05,2.44,0.1
8/12/14,0.09,0.05,2.46,0.1
8/13/14,0.09,0.06,2.43,0.1
8/14/14,0.09,0.06,2.4,0.1
8/15/14,0.09,0.05,2.34,0.09
8/18/14,0.09,0.05,2.39,0.1
8/19/14,0.09,0.05,2.4,0.11
8/20/14,0.09,0.06,2.43,0.12
8/21/14,0.09,0.06,2.41,0.1
8/22/14,0.09,0.06,2.4,0.1
8/25/14,0.09,0.05,2.39,0.11
8/26/14,0.09,0.05,2.39,0.12
8/27/14,0.09,0.05,2.37,0.11
8/28/14,0.09,0.05,2.34,0.11
8/29/14,0.07,0.05,2.35,0.09
9/1/14,,,,
9/2/14,0.09,0.05,2.42,0.1
9/3/14,0.09,0.05,2.41,0.11
9/4/14,0.09,0.05,2.45,0.1
9/5/14,0.09,0.05,2.46,0.1
9/8/14,0.09,0.05,2.48,0.1
9/9/14,0.09,0.05,2.5,0.11
9/10/14,0.09,0.05,2.54,0.11
9/11/14,0.09,0.05,2.54,0.11
9/12/14,0.09,0.05,2.62,0.11
9/15/14,0.09,0.05,2.6,0.11
9/16/14,0.09,0.04,2.6,0.13
9/17/14,0.09,0.05,2.62,0.12
9/18/14,0.09,0.04,2.63,0.12
9/19/14,0.09,0.04,2.59,0.11
9/22/14,0.09,0.04,2.57,0.1
9/23/14,0.09,0.04,2.54,0.1
9/24/14,0.09,0.03,2.57,0.11
9/25/14,0.09,0.03,2.52,0.1
9/26/14,0.09,0.03,2.54,0.11
9/29/14,0.08,0.05,2.5,0.11
9/30/14,0.07,0.03,2.52,0.13
10/1/14,0.09,0.04,2.42,0.1
10/2/14,0.09,0.03,2.44,0.1
10/3/14,0.09,0.03,2.45,0.11
10/6/14,0.09,0.05,2.43,0.11
10/7/14,0.09,0.04,2.36,0.1
10/8/14,0.09,0.05,2.35,0.1
10/9/14,0.08,0.05,2.34,0.1
10/10/14,0.09,0.04,2.31,0.1
10/13/14,,,,
10/14/14,0.09,0.04,2.21,0.09
10/15/14,0.09,0.05,2.15,0.1
10/16/14,0.09,0.05,2.17,0.1
10/17/14,0.09,0.05,2.22,0.11
10/20/14,0.09,0.06,2.2,0.1
10/21/14,0.09,0.06,2.23,0.1
10/22/14,0.09,0.06,2.25,0.11
10/23/14,0.09,0.06,2.29,0.11
10/24/14,0.09,0.06,2.29,0.11
10/27/14,0.09,0.06,2.27,0.11
10/28/14,0.09,0.05,2.3,0.11
10/29/14,0.09,0.07,2.34,0.11
10/30/14,0.09,0.06,2.32,0.11
10/31/14,0.07,0.05,2.35,0.11
11/3/14,0.09,0.07,2.36,0.12
11/4/14,0.1,0.06,2.35,0.11
11/5/14,0.09,0.07,2.36,0.11
11/6/14,0.09,0.06,2.39,0.12
11/7/14,0.09,0.06,2.32,0.12
11/10/14,0.09,0.07,2.38,0.13
11/11/14,,,,
11/12/14,0.09,0.07,2.37,0.14
11/13/14,0.09,0.08,2.35,0.15
11/14/14,0.09,0.07,2.32,0.15
11/17/14,0.1,0.07,2.34,0.15
11/18/14,0.11,0.07,2.32,0.14
11/19/14,0.1,0.07,2.36,0.15
11/20/14,0.1,0.07,2.34,0.14
11/21/14,0.1,0.07,2.31,0.14
11/24/14,0.1,0.08,2.3,0.14
11/25/14,0.1,0.07,2.27,0.14
11/26/14,0.1,0.07,2.24,0.14
11/27/14,,,,
11/28/14,0.08,0.07,2.18,0.13
12/1/14,0.13,0.08,2.22,0.13
12/2/14,0.12,0.08,2.28,0.14
12/3/14,0.12,0.07,2.29,0.15
12/4/14,0.12,0.08,2.25,0.14
12/5/14,0.12,0.08,2.31,0.18
12/8/14,0.12,0.1,2.26,0.18
12/9/14,0.12,0.11,2.22,0.23
12/10/14,0.12,0.1,2.18,0.21
12/11/14,0.12,0.09,2.19,0.21
12/12/14,0.12,0.09,2.1,0.19
12/15/14,0.11,0.11,2.12,0.22
12/16/14,0.12,0.11,2.07,0.21
12/17/14,0.13,0.11,2.14,0.23
12/18/14,0.13,0.12,2.22,0.25
12/19/14,0.13,0.11,2.17,0.26
12/22/14,0.13,0.16,2.17,0.28
12/23/14,0.13,0.14,2.26,0.26
12/24/14,0.13,0.14,2.27,0.26
12/25/14,,,,
12/26/14,0.13,0.1,2.25,0.26
12/29/14,0.13,0.12,2.22,0.25
12/30/14,0.13,0.12,2.2,0.23
12/31/14,0.06,0.12,2.17,0.25
1/1/15,,,,
1/2/15,0.12,0.11,2.12,0.25
1/5/15,0.12,0.1,2.04,0.26
1/6/15,0.12,0.1,1.97,0.25
1/7/15,0.12,0.09,1.96,0.25
1/8/15,0.12,0.08,2.03,0.23
1/9/15,0.12,0.08,1.98,0.22
1/12/15,0.12,0.09,1.92,0.19
1/13/15,0.12,0.08,1.91,0.2
1/14/15,0.12,0.09,1.86,0.18
1/15/15,0.12,0.08,1.77,0.16
1/16/15,0.13,0.07,1.83,0.17
1/19/15,,,,
1/20/15,0.12,0.08,1.82,0.17
1/21/15,0.12,0.08,1.87,0.17
1/22/15,0.12,0.08,1.9,0.17
1/23/15,0.12,0.07,1.81,0.17
1/26/15,0.12,0.08,1.83,0.18
1/27/15,0.11,0.08,1.83,0.17
1/28/15,0.12,0.08,1.73,0.17
1/29/15,0.11,0.07,1.77,0.17
1/30/15,0.06,0.07,1.68,0.18
2/2/15,0.12,0.07,1.68,0.17
2/3/15,0.12,0.07,1.79,0.21
2/4/15,0.11,0.06,1.81,0.2
2/5/15,0.12,0.06,1.83,0.2
2/6/15,0.11,0.07,1.95,0.26
2/9/15,0.12,0.08,1.96,0.24
2/10/15,0.12,0.08,2.01,0.25
2/11/15,0.12,0.07,2,0.24
2/12/15,0.12,0.07,1.99,0.23
2/13/15,0.12,0.07,2.02,0.23
2/16/15,,,,
2/17/15,0.12,0.07,2.14,0.25
2/18/15,0.12,0.07,2.07,0.23
2/19/15,0.12,0.07,2.11,0.23
2/20/15,0.12,0.07,2.13,0.23
2/23/15,0.11,0.08,2.06,0.22
2/24/15,0.11,0.08,1.99,0.22
2/25/15,0.11,0.07,1.96,0.21
2/26/15,0.11,0.07,2.03,0.22
2/27/15,0.06,0.07,2,0.22
3/2/15,0.12,0.08,2.08,0.22
3/3/15,0.12,0.08,2.12,0.26
3/4/15,0.11,0.08,2.12,0.26
3/5/15,0.11,0.08,2.11,0.25
3/6/15,0.12,0.08,2.24,0.27
3/9/15,0.12,0.1,2.2,0.27
3/10/15,0.12,0.1,2.14,0.25
3/11/15,0.11,0.1,2.11,0.25
3/12/15,0.11,0.1,2.1,0.24
3/13/15,0.11,0.11,2.13,0.24
3/16/15,0.12,0.15,2.1,0.26
3/17/15,0.12,0.15,2.06,0.27
3/18/15,0.11,0.12,1.93,0.23
3/19/15,0.12,0.12,1.98,0.26
3/20/15,0.12,0.11,1.93,0.24
3/23/15,0.12,0.11,1.92,0.24
3/24/15,0.11,0.11,1.88,0.24
3/25/15,0.12,0.11,1.93,0.25
3/26/15,0.11,0.13,2.01,0.28
3/27/15,0.12,0.12,1.95,0.27
3/30/15,0.12,0.14,1.96,0.27
3/31/15,0.06,0.14,1.94,0.26
4/1/15,0.12,0.12,1.87,0.27
4/2/15,0.12,0.1,1.92,0.25
4/3/15,0.12,0.1,1.85,0.21
4/6/15,0.13,0.1,1.92,0.21
4/7/15,0.12,0.1,1.89,0.22
4/8/15,0.12,0.1,1.92,0.22
4/9/15,0.12,0.1,1.97,0.22
4/10/15,0.12,0.09,1.96,0.24
4/13/15,0.13,0.11,1.94,0.23
4/14/15,0.13,0.1,1.9,0.23
4/15/15,0.13,0.08,1.91,0.23
4/16/15,0.13,0.08,1.9,0.22
4/17/15,0.13,0.08,1.87,0.23
4/20/15,0.13,0.1,1.9,0.24
4/21/15,0.13,0.09,1.92,0.23
4/22/15,0.13,0.1,1.99,0.23
4/23/15,0.13,0.09,1.96,0.24
4/24/15,0.13,0.1,1.93,0.24
4/27/15,0.13,0.1,1.94,0.25
4/28/15,0.13,0.09,2,0.24
4/29/15,0.13,0.07,2.06,0.25
4/30/15,0.08,0.06,2.05,0.24
5/1/15,0.13,0.05,2.12,0.25
5/4/15,0.13,0.08,2.16,0.25
5/5/15,0.13,0.08,2.19,0.24
5/6/15,0.13,0.08,2.25,0.25
5/7/15,0.13,0.08,2.18,0.24
5/8/15,0.13,0.08,2.16,0.23
5/11/15,0.13,0.09,2.28,0.25
5/12/15,0.13,0.09,2.28,0.25
5/13/15,0.13,0.09,2.27,0.24
5/14/15,0.13,0.08,2.23,0.23
5/15/15,0.13,0.09,2.14,0.23
5/18/15,0.13,0.08,2.23,0.22
5/19/15,0.12,0.07,2.27,0.23
5/20/15,0.12,0.08,2.26,0.23
5/21/15,0.12,0.07,2.19,0.22
5/22/15,0.13,0.08,2.21,0.23
5/25/15,,,,
5/26/15,0.12,0.09,2.14,0.24
5/27/15,0.12,0.09,2.14,0.27
5/28/15,0.12,0.08,2.13,0.26
5/29/15,0.08,0.06,2.12,0.26
6/1/15,0.12,0.07,2.19,0.26
6/2/15,0.12,0.07,2.27,0.26
6/3/15,0.13,0.07,2.38,0.26
6/4/15,0.13,0.08,2.31,0.27
6/5/15,0.13,0.08,2.41,0.29
6/8/15,0.13,0.09,2.39,0.27
6/9/15,0.13,0.08,2.42,0.27
6/10/15,0.13,0.1,2.5,0.28
6/11/15,0.13,0.1,2.39,0.28
6/12/15,0.13,0.1,2.39,0.28
6/15/15,0.13,0.11,2.36,0.28
6/16/15,0.14,0.11,2.32,0.28
6/17/15,0.14,0.1,2.32,0.27
6/18/15,0.14,0.08,2.35,0.26
6/19/15,0.13,0.05,2.26,0.25
6/22/15,0.13,0.08,2.37,0.27
6/23/15,0.13,0.09,2.42,0.3
6/24/15,0.13,0.08,2.38,0.3
6/25/15,0.13,0.07,2.4,0.29
6/26/15,0.13,0.08,2.49,0.29
6/29/15,0.14,0.11,2.33,0.27
6/30/15,0.08,0.11,2.35,0.28
7/1/15,0.13,0.13,2.43,0.28
7/2/15,0.13,0.1,2.4,0.26
7/3/15,0.13,,,
7/6/15,0.13,0.09,2.3,0.26
7/7/15,0.13,0.08,2.27,0.25
7/8/15,0.13,0.08,2.22,0.24
7/9/15,0.13,0.08,2.32,0.25
7/10/15,0.13,0.09,2.42,0.28
7/13/15,0.13,0.1,2.44,0.28
7/14/15,0.13,0.1,2.41,0.27
7/15/15,0.13,0.11,2.36,0.28
7/16/15,0.14,0.1,2.36,0.29
7/17/15,0.13,0.11,2.34,0.29
7/20/15,0.14,0.14,2.38,0.31
7/21/15,0.13,0.13,2.35,0.34
7/22/15,0.13,0.13,2.33,0.34
7/23/15,0.13,0.13,2.28,0.33
7/24/15,0.13,0.14,2.27,0.32
7/27/15,0.14,0.15,2.23,0.32
7/28/15,0.14,0.14,2.26,0.32
7/29/15,0.14,0.14,2.29,0.33
7/30/15,0.14,0.15,2.28,0.36
7/31/15,0.08,0.14,2.2,0.33
8/3/15,0.14,0.17,2.16,0.33
8/4/15,0.14,0.18,2.23,0.37
8/5/15,0.14,0.19,2.28,0.38
8/6/15,0.14,0.2,2.23,0.35
8/7/15,0.14,0.23,2.18,0.38
8/10/15,0.14,0.24,2.24,0.4
8/11/15,0.15,0.23,2.15,0.37
8/12/15,0.15,0.22,2.14,0.37
8/13/15,0.15,0.24,2.19,0.4
8/14/15,0.14,0.25,2.2,0.41
8/17/15,0.15,0.24,2.16,0.4
8/18/15,0.15,0.25,2.2,0.42
8/19/15,0.15,0.22,2.12,0.39
8/20/15,0.15,0.22,2.09,0.39
8/21/15,0.15,0.21,2.05,0.36
8/24/15,0.15,0.2,2.01,0.33
8/25/15,0.15,0.19,2.12,0.36
8/26/15,0.14,0.2,2.18,0.35
8/27/15,0.14,0.22,2.18,0.36
8/28/15,0.14,0.25,2.19,0.38
8/31/15,0.08,0.27,2.21,0.39
9/1/15,0.14,0.26,2.17,0.39
9/2/15,0.14,0.25,2.2,0.37
9/3/15,0.14,0.24,2.18,0.36
9/4/15,0.14,0.23,2.13,0.36
9/7/15,,,,
9/8/15,0.14,0.27,2.2,0.39
9/9/15,0.14,0.26,2.21,0.39
9/10/15,0.14,0.25,2.23,0.39
9/11/15,0.14,0.25,2.2,0.4
9/14/15,0.14,0.26,2.18,0.4
9/15/15,0.14,0.27,2.28,0.47
9/16/15,0.14,0.24,2.3,0.46
9/17/15,0.14,0.16,2.21,0.39
9/18/15,0.14,0.1,2.13,0.35
9/21/15,0.14,0.11,2.2,0.36
9/22/15,0.14,0.1,2.14,0.35
9/23/15,0.14,0.09,2.16,0.34
9/24/15,0.14,0.09,2.13,0.32
9/25/15,0.13,0.07,2.17,0.35
9/28/15,0.13,0.1,2.1,0.34
9/29/15,0.13,0.09,2.05,0.33
9/30/15,0.07,0.08,2.06,0.33
10/1/15,0.13,0.08,2.05,0.31
10/2/15,0.13,0.06,1.99,0.25
10/5/15,0.13,0.06,2.07,0.26
10/6/15,0.13,0.07,2.05,0.26
10/7/15,0.13,0.08,2.08,0.27
10/8/15,0.13,0.07,2.12,0.27
10/9/15,0.13,0.07,2.12,0.28
10/12/15,,,,
10/13/15,0.13,0.08,2.06,0.27
10/14/15,0.13,0.08,1.99,0.21
10/15/15,0.13,0.08,2.04,0.22
10/16/15,0.13,0.07,2.04,0.23
10/19/15,0.13,0.12,2.04,0.23
10/20/15,0.13,0.12,2.08,0.23
10/21/15,0.13,0.12,2.04,0.23
10/22/15,0.12,0.11,2.04,0.23
10/23/15,0.12,0.13,2.09,0.24
10/26/15,0.12,0.16,2.07,0.25
10/27/15,0.12,0.18,2.05,0.29
10/28/15,0.12,0.21,2.1,0.33
10/29/15,0.12,0.21,2.19,0.33
10/30/15,0.07,0.23,2.16,0.34
11/2/15,0.12,0.27,2.2,0.37
11/3/15,0.12,0.26,2.23,0.39
11/4/15,0.12,0.27,2.25,0.4
11/5/15,0.12,0.27,2.26,0.42
11/6/15,0.12,0.32,2.34,0.47
11/9/15,0.12,0.34,2.36,0.47
11/10/15,0.12,0.34,2.32,0.51
11/11/15,,,,
11/12/15,0.12,0.35,2.32,0.51
11/13/15,0.12,0.31,2.28,0.5
11/16/15,0.13,0.33,2.27,0.5
11/17/15,0.13,0.34,2.25,0.5
11/18/15,0.12,0.31,2.27,0.49
11/19/15,0.12,0.31,2.24,0.49
11/20/15,0.12,0.31,2.26,0.49
11/23/15,0.12,0.35,2.25,0.5
11/24/15,0.12,0.36,2.24,0.52
11/25/15,0.12,0.39,2.23,0.52
11/26/15,,,,
11/27/15,0.12,0.38,2.22,0.5
11/30/15,0.08,0.42,2.21,0.51
12/1/15,0.13,0.42,2.15,0.51
12/2/15,0.13,0.42,2.18,0.52
12/3/15,0.13,0.45,2.33,0.57
12/4/15,0.13,0.49,2.28,0.6
12/7/15,0.13,0.57,2.23,0.67
12/8/15,0.13,0.58,2.24,0.76
12/9/15,0.14,0.53,2.22,0.72
12/10/15,0.14,0.55,2.24,0.71
12/11/15,0.14,0.52,2.13,0.68
12/14/15,0.15,0.54,2.23,0.68
12/15/15,0.15,0.54,2.28,0.69
12/16/15,0.15,0.51,2.3,0.7
12/17/15,0.37,0.48,2.24,0.69
12/18/15,0.37,0.47,2.19,0.67
12/21/15,0.36,0.51,2.2,0.64
12/22/15,0.36,0.47,2.24,0.66
12/23/15,0.36,0.47,2.27,0.65
12/24/15,0.36,0.49,2.25,0.64
12/25/15,,,,
12/28/15,0.36,0.51,2.24,0.66
12/29/15,0.36,0.5,2.32,0.67
12/30/15,0.35,0.47,2.31,0.64
12/31/15,0.2,0.49,2.27,0.65
1/1/16,,,,
1/4/16,0.36,0.49,2.24,0.61
1/5/16,0.36,0.49,2.25,0.68
1/6/16,0.36,0.47,2.18,0.67
1/7/16,0.36,0.46,2.16,0.66
1/8/16,0.36,0.45,2.13,0.64
1/11/16,0.36,0.48,2.17,0.63
1/12/16,0.36,0.47,2.12,0.62
1/13/16,0.36,0.46,2.08,0.6
1/14/16,0.36,0.43,2.1,0.55
1/15/16,0.36,0.37,2.03,0.49
1/18/16,,,,
1/19/16,0.36,0.37,2.06,0.48
1/20/16,0.37,0.35,2.01,0.43
1/21/16,0.37,0.38,2.02,0.44
1/22/16,0.38,0.41,2.07,0.47
1/25/16,0.38,0.42,2.03,0.47
1/26/16,0.38,0.45,2.01,0.47
1/27/16,0.38,0.43,2.02,0.47
1/28/16,0.38,0.45,2,0.47
1/29/16,0.29,0.43,1.94,0.47
2/1/16,0.38,0.47,1.97,0.47
2/2/16,0.38,0.47,1.87,0.54
2/3/16,0.38,0.46,1.88,0.54
2/4/16,0.38,0.43,1.87,0.52
2/5/16,0.38,0.45,1.86,0.55
2/8/16,0.38,0.42,1.75,0.51
2/9/16,0.38,0.43,1.74,0.52
2/10/16,0.38,0.42,1.71,0.52
2/11/16,0.38,0.39,1.63,0.47
2/12/16,0.38,0.39,1.74,0.51
2/15/16,,,,
2/16/16,0.38,0.42,1.78,0.51
2/17/16,0.37,0.43,1.81,0.53
2/18/16,0.38,0.45,1.75,0.53
2/19/16,0.38,0.46,1.76,0.53
2/22/16,0.38,0.46,1.77,0.55
2/23/16,0.38,0.47,1.74,0.55
2/24/16,0.38,0.46,1.75,0.55
2/25/16,0.37,0.46,1.71,0.56
2/26/16,0.37,0.47,1.76,0.6
2/29/16,0.29,0.49,1.74,0.62
3/1/16,0.36,0.5,1.83,0.68
3/2/16,0.37,0.48,1.84,0.67
3/3/16,0.37,0.46,1.83,0.65
3/4/16,0.36,0.47,1.88,0.67
3/7/16,0.36,0.49,1.91,0.67
3/8/16,0.36,0.48,1.83,0.68
3/9/16,0.36,0.47,1.9,0.68
3/10/16,0.36,0.5,1.93,0.69
3/11/16,0.36,0.51,1.98,0.7
3/14/16,0.36,0.52,1.97,0.7
3/15/16,0.37,0.52,1.97,0.71
3/16/16,0.37,0.47,1.94,0.66
3/17/16,0.37,0.47,1.91,0.64
3/18/16,0.37,0.44,1.88,0.62
3/21/16,0.37,0.46,1.92,0.63
3/22/16,0.37,0.46,1.94,0.64
3/23/16,0.37,0.46,1.88,0.64
3/24/16,0.37,0.46,1.91,0.63
3/25/16,0.37,,,
3/28/16,0.37,0.49,1.89,0.65
3/29/16,0.37,0.45,1.81,0.63
3/30/16,0.37,0.39,1.83,0.61
3/31/16,0.25,0.39,1.78,0.59
4/1/16,0.37,0.4,1.79,0.62
4/4/16,0.37,0.38,1.78,0.59
4/5/16,0.37,0.36,1.73,0.56
4/6/16,0.37,0.36,1.76,0.55
4/7/16,0.37,0.36,1.7,0.52
4/8/16,0.37,0.34,1.72,0.54
4/11/16,0.37,0.34,1.73,0.53
4/12/16,0.37,0.34,1.79,0.54
4/13/16,0.37,0.36,1.77,0.55
4/14/16,0.37,0.37,1.8,0.55
4/15/16,0.37,0.37,1.76,0.53
4/18/16,0.37,0.35,1.78,0.52
4/19/16,0.37,0.36,1.79,0.53
4/20/16,0.37,0.36,1.85,0.54
4/21/16,0.37,0.37,1.88,0.56
4/22/16,0.37,0.38,1.89,0.56
4/25/16,0.37,0.4,1.91,0.57
4/26/16,0.37,0.43,1.94,0.61
4/27/16,0.37,0.4,1.87,0.58
4/28/16,0.37,0.39,1.84,0.56
4/29/16,0.3,0.4,1.83,0.56
5/2/16,0.37,0.41,1.88,0.55
5/3/16,0.37,0.4,1.81,0.53
5/4/16,0.37,0.39,1.79,0.52
5/5/16,0.37,0.39,1.76,0.51
5/6/16,0.37,0.39,1.79,0.51
5/9/16,0.37,0.38,1.77,0.51
5/10/16,0.37,0.36,1.77,0.52
5/11/16,0.37,0.37,1.73,0.53
5/12/16,0.37,0.37,1.75,0.54
5/13/16,0.37,0.38,1.71,0.55
5/16/16,0.37,0.38,1.75,0.57
5/17/16,0.37,0.4,1.76,0.58
5/18/16,0.37,0.43,1.87,0.63
5/19/16,0.37,0.43,1.85,0.64
5/20/16,0.37,0.46,1.85,0.67
5/23/16,0.37,0.48,1.84,0.69
5/24/16,0.37,0.48,1.86,0.69
5/25/16,0.37,0.47,1.87,0.67
5/26/16,0.37,0.46,1.83,0.65
5/27/16,0.37,0.47,1.85,0.68
5/30/16,,,,
5/31/16,0.29,0.49,1.84,0.68
6/1/16,0.37,0.49,1.85,0.7
6/2/16,0.37,0.48,1.81,0.68
6/3/16,0.37,0.43,1.71,0.6
6/6/16,0.37,0.43,1.73,0.6
6/7/16,0.37,0.43,1.72,0.59
6/8/16,0.37,0.43,1.71,0.6
6/9/16,0.37,0.43,1.68,0.59
6/10/16,0.37,0.42,1.64,0.57
6/13/16,0.37,0.4,1.62,0.55
6/14/16,0.37,0.41,1.62,0.55
6/15/16,0.37,0.37,1.6,0.52
6/16/16,0.38,0.36,1.57,0.53
6/17/16,0.38,0.37,1.62,0.51
6/20/16,0.38,0.41,1.67,0.56
6/21/16,0.38,0.41,1.71,0.57
6/22/16,0.38,0.4,1.69,0.56
6/23/16,0.39,0.43,1.74,0.58
6/24/16,0.4,0.38,1.57,0.48
6/27/16,0.41,0.35,1.46,0.45
6/28/16,0.41,0.35,1.46,0.45
6/29/16,0.41,0.35,1.5,0.46
6/30/16,0.3,0.36,1.49,0.45
7/1/16,0.41,0.37,1.46,0.45
7/4/16,,,,
7/5/16,0.4,0.35,1.37,0.44
7/6/16,0.4,0.36,1.38,0.46
7/7/16,0.4,0.37,1.4,0.47
7/8/16,0.4,0.36,1.37,0.48
7/11/16,0.4,0.4,1.43,0.5
7/12/16,0.4,0.4,1.53,0.52
7/13/16,0.4,0.4,1.48,0.51
7/14/16,0.4,0.41,1.53,0.53
7/15/16,0.4,0.42,1.6,0.52
7/18/16,0.4,0.44,1.59,0.52
7/19/16,0.4,0.44,1.56,0.56
7/20/16,0.4,0.44,1.59,0.56
7/21/16,0.4,0.44,1.57,0.54
7/22/16,0.4,0.44,1.57,0.55
7/25/16,0.4,0.44,1.58,0.55
7/26/16,0.4,0.43,1.57,0.55
7/27/16,0.4,0.4,1.52,0.53
7/28/16,0.4,0.39,1.52,0.53
7/29/16,0.3,0.38,1.46,0.5
8/1/16,0.4,0.4,1.51,0.5
8/2/16,0.4,0.41,1.55,0.5
8/3/16,0.4,0.42,1.55,0.53
8/4/16,0.4,0.41,1.51,0.51
8/5/16,0.4,0.45,1.59,0.56
8/8/16,0.4,0.45,1.59,0.57
8/9/16,0.4,0.44,1.55,0.55
8/10/16,0.4,0.43,1.5,0.55
8/11/16,0.4,0.45,1.57,0.55
8/12/16,0.4,0.43,1.51,0.56
8/15/16,0.4,0.46,1.55,0.56
8/16/16,0.4,0.45,1.57,0.57
8/17/16,0.4,0.46,1.56,0.58
8/18/16,0.4,0.44,1.53,0.58
8/19/16,0.4,0.44,1.58,0.59
8/22/16,0.4,0.45,1.55,0.58
8/23/16,0.4,0.45,1.55,0.58
8/24/16,0.4,0.46,1.56,0.59
8/25/16,0.4,0.46,1.58,0.6
8/26/16,0.4,0.47,1.62,0.62
8/29/16,0.4,0.49,1.57,0.62
8/30/16,0.4,0.47,1.57,0.61
8/31/16,0.3,0.47,1.58,0.61
9/1/16,0.4,0.47,1.57,0.6
9/2/16,0.4,0.45,1.6,0.59
9/5/16,,,,
9/6/16,0.4,0.45,1.55,0.56
9/7/16,0.4,0.49,1.54,0.57
9/8/16,0.4,0.5,1.61,0.57
9/9/16,0.4,0.51,1.67,0.58
9/12/16,0.4,0.53,1.68,0.57
9/13/16,0.4,0.54,1.73,0.63
9/14/16,0.4,0.52,1.7,0.62
9/15/16,0.4,0.49,1.71,0.6
9/16/16,0.4,0.5,1.7,0.61
9/19/16,0.4,0.48,1.7,0.6
9/20/16,0.4,0.49,1.69,0.61
9/21/16,0.4,0.44,1.66,0.61
9/22/16,0.4,0.39,1.63,0.6
9/23/16,0.4,0.4,1.62,0.6
9/26/16,0.4,0.42,1.59,0.58
9/27/16,0.4,0.42,1.56,0.58
9/28/16,0.4,0.44,1.57,0.6
9/29/16,0.4,0.43,1.56,0.59
9/30/16,0.29,0.45,1.6,0.59
10/3/16,0.4,0.48,1.63,0.63
10/4/16,0.4,0.48,1.69,0.64
10/5/16,0.4,0.48,1.72,0.65
10/6/16,0.4,0.46,1.75,0.65
10/7/16,0.4,0.46,1.73,0.66
10/10/16,,,,
10/11/16,0.41,0.48,1.77,0.69
10/12/16,0.41,0.49,1.79,0.68
10/13/16,0.41,0.45,1.75,0.66
10/14/16,0.41,0.46,1.8,0.66
10/17/16,0.41,0.47,1.77,0.65
10/18/16,0.41,0.47,1.75,0.66
10/19/16,0.41,0.48,1.76,0.65
10/20/16,0.41,0.48,1.76,0.66
10/21/16,0.41,0.47,1.74,0.66
10/24/16,0.41,0.46,1.77,0.66
10/25/16,0.41,0.49,1.77,0.66
10/26/16,0.41,0.49,1.79,0.67
10/27/16,0.41,0.49,1.85,0.68
10/28/16,0.41,0.49,1.86,0.66
10/31/16,0.31,0.51,1.84,0.66
11/1/16,0.41,0.5,1.83,0.65
11/2/16,0.41,0.51,1.81,0.64
11/3/16,0.41,0.52,1.82,0.64
11/4/16,0.41,0.52,1.79,0.62
11/7/16,0.41,0.54,1.83,0.63
11/8/16,0.41,0.56,1.88,0.71
11/9/16,0.41,0.56,2.07,0.72
11/10/16,0.41,0.59,2.15,0.72
11/11/16,,,,
11/14/16,0.41,0.65,2.23,0.77
11/15/16,0.41,0.61,2.23,0.78
11/16/16,0.41,0.62,2.22,0.76
11/17/16,0.41,0.61,2.29,0.77
11/18/16,0.41,0.6,2.34,0.77
11/21/16,0.41,0.6,2.33,0.78
11/22/16,0.41,0.61,2.31,0.78
11/23/16,0.41,0.63,2.36,0.8
11/24/16,,,,
11/25/16,0.41,0.62,2.36,0.81
11/28/16,0.41,0.6,2.32,0.79
11/29/16,0.41,0.6,2.3,0.78
11/30/16,0.31,0.62,2.37,0.8
12/1/16,0.41,0.6,2.45,0.82
12/2/16,0.41,0.61,2.4,0.8
12/5/16,0.41,0.63,2.39,0.82
12/6/16,0.41,0.63,2.39,0.83
12/7/16,0.41,0.63,2.34,0.85
12/8/16,0.41,0.62,2.4,0.84
12/9/16,0.41,0.64,2.47,0.85
12/12/16,0.41,0.64,2.49,0.85
12/13/16,0.41,0.66,2.48,0.88
12/14/16,0.41,0.66,2.54,0.92
12/15/16,0.66,0.65,2.6,0.91
12/16/16,0.66,0.65,2.6,0.91
12/19/16,0.66,0.65,2.54,0.9
12/20/16,0.66,0.66,2.57,0.9
12/21/16,0.66,0.65,2.55,0.88
12/22/16,0.66,0.65,2.55,0.87
12/23/16,0.66,0.65,2.55,0.87
12/26/16,,,,
12/27/16,0.66,0.66,2.57,0.89
12/28/16,0.66,0.62,2.51,0.9
12/29/16,0.66,0.62,2.49,0.85
12/30/16,0.55,0.62,2.45,0.85
1/2/17,,,,
1/3/17,0.66,0.65,2.45,0.89
1/4/17,0.66,0.63,2.46,0.87
1/5/17,0.66,0.62,2.37,0.83
1/6/17,0.66,0.61,2.42,0.85
1/9/17,0.66,0.6,2.38,0.82
1/10/17,0.66,0.6,2.38,0.82
1/11/17,0.66,0.6,2.38,0.82
1/12/17,0.66,0.59,2.36,0.81
1/13/17,0.66,0.61,2.4,0.82
1/16/17,,,,
1/17/17,0.66,0.62,2.33,0.8
1/18/17,0.66,0.63,2.42,0.82
1/19/17,0.66,0.62,2.47,0.83
1/20/17,0.66,0.62,2.48,0.82
1/23/17,0.66,0.59,2.41,0.79
1/24/17,0.66,0.62,2.47,0.81
1/25/17,0.66,0.61,2.53,0.82
1/26/17,0.66,0.62,2.51,0.82
1/27/17,0.66,0.63,2.49,0.82
1/30/17,0.66,0.63,2.49,0.81
1/31/17,0.56,0.64,2.45,0.84
2/1/17,0.66,0.65,2.48,0.83
2/2/17,0.66,0.64,2.48,0.84
2/3/17,0.66,0.63,2.49,0.82
2/6/17,0.66,0.62,2.42,0.79
2/7/17,0.66,0.63,2.4,0.8
2/8/17,0.66,0.63,2.34,0.79
2/9/17,0.66,0.64,2.4,0.8
2/10/17,0.66,0.64,2.41,0.81
2/13/17,0.66,0.63,2.43,0.82
2/14/17,0.66,0.66,2.47,0.84
2/15/17,0.66,0.67,2.51,0.86
2/16/17,0.66,0.66,2.45,0.82
2/17/17,0.66,0.66,2.42,0.82
2/20/17,,,,
2/21/17,0.66,0.69,2.43,0.83
2/22/17,0.66,0.68,2.42,0.82
2/23/17,0.66,0.66,2.38,0.81
2/24/17,0.66,0.65,2.31,0.8
2/27/17,0.66,0.68,2.36,0.81
2/28/17,0.57,0.69,2.36,0.88
3/1/17,0.66,0.79,2.46,0.92
3/2/17,0.66,0.84,2.49,0.98
3/3/17,0.66,0.84,2.49,0.98
3/6/17,0.66,0.83,2.49,0.97
3/7/17,0.66,0.87,2.52,1.02
3/8/17,0.66,0.86,2.57,1.03
3/9/17,0.66,0.88,2.6,1.04
3/10/17,0.66,0.89,2.58,1.03
3/13/17,0.66,0.93,2.62,1.06
3/14/17,0.66,0.93,2.6,1.06
3/15/17,0.66,0.89,2.51,1.02
3/16/17,0.91,0.89,2.53,1.01
3/17/17,0.91,0.87,2.5,1
3/20/17,0.91,0.89,2.47,1.01
3/21/17,0.91,0.91,2.43,1
3/22/17,0.91,0.9,2.4,0.99
3/23/17,0.91,0.9,2.41,0.99
3/24/17,0.91,0.89,2.4,1
3/27/17,0.91,0.91,2.38,1
3/28/17,0.91,0.92,2.42,1.03
3/29/17,0.91,0.92,2.39,1.04
3/30/17,0.91,0.91,2.42,1.03
3/31/17,0.82,0.91,2.4,1.03
4/3/17,0.91,0.92,2.35,1.02
4/4/17,0.91,0.92,2.36,1.03
4/5/17,0.91,0.93,2.34,1.03
4/6/17,0.91,0.94,2.34,1.05
4/7/17,0.91,0.95,2.38,1.08
4/10/17,0.91,0.97,2.37,1.07
4/11/17,0.91,0.94,2.32,1.05
4/12/17,0.91,0.95,2.28,1.04
4/13/17,0.91,0.94,2.24,1.03
4/14/17,0.91,,,
4/17/17,0.91,0.94,2.26,1.04
4/18/17,0.91,0.94,2.18,1.02
4/19/17,0.91,0.94,2.21,1.02
4/20/17,0.91,0.93,2.24,1.01
4/21/17,0.91,0.92,2.24,0.99
4/24/17,0.91,0.96,2.28,1.03
4/25/17,0.91,0.98,2.35,1.09
4/26/17,0.91,0.99,2.32,1.07
4/27/17,0.91,0.98,2.3,1.06
4/28/17,0.83,0.99,2.29,1.07
5/1/17,0.91,0.98,2.33,1.09
5/2/17,0.91,0.99,2.29,1.08
5/3/17,0.91,1,2.33,1.1
5/4/17,0.91,1,2.36,1.11
5/5/17,0.91,1.01,2.36,1.1
5/8/17,0.91,1.02,2.39,1.12
5/9/17,0.91,1.04,2.42,1.14
5/10/17,0.91,1.04,2.41,1.13
5/11/17,0.91,1.04,2.39,1.13
5/12/17,0.91,1.03,2.33,1.11
5/15/17,0.91,1.02,2.34,1.11
5/16/17,0.91,1.04,2.33,1.11
5/17/17,0.91,1,2.22,1.08
5/18/17,0.91,1.02,2.23,1.09
5/19/17,0.91,1.03,2.23,1.1
5/22/17,0.91,1.05,2.25,1.12
5/23/17,0.91,1.08,2.29,1.14
5/24/17,0.91,1.07,2.26,1.18
5/25/17,0.91,1.08,2.25,1.16
5/26/17,0.91,1.08,2.25,1.17
5/29/17,,,,
5/30/17,0.91,1.07,2.21,1.16
5/31/17,0.83,1.08,2.21,1.17
6/1/17,0.91,1.07,2.21,1.16
6/2/17,0.91,1.06,2.15,1.16
6/5/17,0.91,1.06,2.18,1.16
6/6/17,0.91,1.08,2.14,1.16
6/7/17,0.91,1.09,2.18,1.17
6/8/17,0.91,1.11,2.19,1.19
6/9/17,0.91,1.13,2.21,1.2
6/12/17,0.91,1.09,2.21,1.19
6/13/17,0.91,1.12,2.21,1.22
6/14/17,0.91,1.12,2.15,1.2
6/15/17,1.16,1.13,2.16,1.21
6/16/17,1.16,1.13,2.16,1.21
6/19/17,1.16,1.13,2.19,1.22
6/20/17,1.16,1.14,2.16,1.22
6/21/17,1.16,1.12,2.16,1.22
6/22/17,1.16,1.1,2.15,1.22
6/23/17,1.16,1.1,2.15,1.21
6/26/17,1.16,1.1,2.14,1.2
6/27/17,1.16,1.13,2.21,1.22
6/28/17,1.16,1.12,2.22,1.21
6/29/17,1.16,1.14,2.27,1.23
6/30/17,1.06,1.14,2.31,1.24
7/3/17,1.16,1.13,2.35,1.24
7/4/17,,,,
7/5/17,1.16,1.15,2.33,1.24
7/6/17,1.16,1.14,2.37,1.23
7/7/17,1.16,1.14,2.39,1.22
7/10/17,1.16,1.13,2.38,1.23
7/11/17,1.16,1.14,2.37,1.2
7/12/17,1.16,1.13,2.33,1.21
7/13/17,1.16,1.14,2.35,1.23
7/14/17,1.16,1.12,2.33,1.22
7/17/17,1.16,1.1,2.31,1.22
7/18/17,1.16,1.11,2.27,1.19
7/19/17,1.16,1.12,2.27,1.23
7/20/17,1.16,1.12,2.27,1.22
7/21/17,1.16,1.1,2.24,1.22
7/24/17,1.16,1.12,2.26,1.23
7/25/17,1.16,1.15,2.33,1.24
7/26/17,1.16,1.14,2.29,1.23
7/27/17,1.16,1.13,2.32,1.22
7/28/17,1.16,1.13,2.3,1.22
7/31/17,1.07,1.13,2.3,1.23
8/1/17,1.16,1.15,2.26,1.22
8/2/17,1.16,1.15,2.27,1.24
8/3/17,1.16,1.13,2.24,1.22
8/4/17,1.16,1.14,2.27,1.23
8/7/17,1.16,1.14,2.26,1.22
8/8/17,1.16,1.16,2.29,1.24
8/9/17,1.16,1.15,2.24,1.21
8/10/17,1.16,1.14,2.2,1.22
8/11/17,1.16,1.14,2.19,1.21
8/14/17,1.16,1.13,2.22,1.23
8/15/17,1.16,1.16,2.27,1.23
8/16/17,1.16,1.13,2.23,1.24
8/17/17,1.16,1.11,2.19,1.24
8/18/17,1.16,1.13,2.19,1.24
8/21/17,1.16,1.11,2.18,1.23
8/22/17,1.16,1.13,2.22,1.24
8/23/17,1.16,1.11,2.17,1.22
8/24/17,1.16,1.11,2.19,1.23
8/25/17,1.16,1.11,2.17,1.23
8/28/17,1.16,1.12,2.16,1.24
8/29/17,1.16,1.13,2.13,1.23
8/30/17,1.16,1.11,2.15,1.23
8/31/17,1.07,1.08,2.12,1.23
9/1/17,1.16,1.1,2.16,1.24
9/4/17,,,,
9/5/17,1.16,1.13,2.07,1.23
9/6/17,1.16,1.17,2.1,1.24
9/7/17,1.16,1.15,2.05,1.21
9/8/17,1.16,1.14,2.06,1.22
9/11/17,1.16,1.16,2.14,1.24
9/12/17,1.16,1.16,2.17,1.27
9/13/17,1.16,1.16,2.2,1.27
9/14/17,1.16,1.17,2.2,1.28
9/15/17,1.16,1.17,2.2,1.3
9/18/17,1.16,1.18,2.23,1.3
9/19/17,1.16,1.19,2.24,1.31
9/20/17,1.16,1.2,2.28,1.32
9/21/17,1.16,1.19,2.27,1.31
9/22/17,1.16,1.19,2.26,1.3
9/25/17,1.16,1.19,2.22,1.3
9/26/17,1.16,1.19,2.24,1.31
9/27/17,1.16,1.2,2.31,1.33
9/28/17,1.16,1.18,2.31,1.31
9/29/17,1.06,1.2,2.33,1.31
10/2/17,1.16,1.22,2.34,1.31
10/3/17,1.16,1.21,2.33,1.32
10/4/17,1.16,1.21,2.33,1.33
10/5/17,1.16,1.21,2.35,1.35