date,CNY_US,JPY_US,GBP_US,US_EURO
20120102,,,,
20120103,6.294,76.67,1.5655,0.7656
20120104,6.2941,76.68,1.5638,0.7734
20120105,6.3013,77.18,1.548,0.7823
20120106,6.3088,77.06,1.5431,0.786
20120109,6.3143,76.88,1.5436,0.7846
20120110,6.3141,76.84,1.5489,0.7824
20120111,6.3149,76.9,1.5325,0.7883
20120112,6.3177,76.76,1.5325,0.7802
20120113,6.3065,76.9,1.5301,0.7885
20120116,,,,
20120117,6.3136,76.8,1.5356,0.7849
20120118,6.3109,76.81,1.541,0.7797
20120119,6.3162,77.23,1.5484,0.773
20120120,6.333,76.97,1.554,0.7723
20120123,6.333,76.92,1.5582,0.7672
20120124,6.333,77.78,1.5595,0.769
20120125,6.333,78.13,1.557,0.7705
20120126,6.333,77.47,1.5706,0.7603
20120127,6.333,76.68,1.5716,0.758
20120130,6.331,76.28,1.569,0.762
20120131,6.308,76.34,1.5754,0.7661
20120201,6.3076,76.11,1.5849,0.7588
20120202,6.3017,76.13,1.5813,0.7595
20120203,6.3027,76.54,1.5779,0.763
20120206,6.312,76.54,1.5832,0.7616
20120207,6.3046,76.88,1.5891,0.7551
20120208,6.2938,76.9,1.582,0.7545
20120209,6.2947,77.42,1.5838,0.752
20120210,6.2991,77.57,1.5748,0.7583
20120213,6.2972,77.52,1.578,0.7569
20120214,6.2995,78.39,1.5691,0.7605
20120215,6.2998,78.22,1.571,0.7641
20120216,6.3014,78.77,1.5795,0.7628
20120217,6.2985,79.33,1.5813,0.7605
20120220,,,,
20120221,6.296,79.73,1.5796,0.7544
20120222,6.296,80.3,1.5677,0.7547
20120223,6.298,80.21,1.57,0.7514
20120224,6.2976,80.88,1.5869,0.7428
20120227,6.3012,80.42,1.5845,0.7457
20120228,6.2989,80.44,1.5887,0.7434
20120229,6.2935,81.1,1.5951,0.7486
20120301,6.3001,81.16,1.5953,0.7508
20120302,6.2982,81.56,1.5852,0.7575
20120305,6.3066,81.43,1.587,0.7561
20120306,6.3082,80.86,1.572,0.7625
20120307,6.3097,81.06,1.5746,0.7605
20120308,6.3159,81.5,1.5822,0.7544
20120309,6.3109,82.59,1.5677,0.7629
20120312,6.3258,82.21,1.5615,0.761
20120313,6.3266,82.66,1.5736,0.7628
20120314,6.3315,83.78,1.5686,0.7678
20120315,6.3282,83.28,1.5669,0.7651
20120316,6.3222,83.34,1.5845,0.7592
20120319,6.3191,83.31,1.5894,0.7552
20120320,6.3203,83.62,1.5857,0.7563
20120321,6.3226,83.62,1.5848,0.7582
20120322,6.299,82.5,1.5807,0.7579
20120323,6.3021,82.35,1.5864,0.754
20120326,6.3139,82.84,1.5939,0.7503
20120327,6.3061,83.15,1.5972,0.7499
20120328,6.3044,82.74,1.5855,0.7519
20120329,6.3057,82.28,1.5911,0.7539
20120330,6.2975,82.41,1.5985,0.75
20120402,6.2979,82.16,1.6022,0.7505
20120403,6.2975,82.18,1.5966,0.7498
20120404,6.2975,82.62,1.5879,0.7618
20120405,6.3123,82.33,1.5822,0.7655
20120406,6.3052,81.56,1.5877,0.764
20120409,6.31,81.36,1.5879,0.7641
20120410,6.3105,80.94,1.5836,0.7652
20120411,6.3076,80.88,1.5892,0.7631
20120412,6.3069,80.87,1.5939,0.7592
20120413,6.3022,80.99,1.5851,0.7644
20120416,6.315,80.46,1.5865,0.7653
20120417,6.3015,80.72,1.5931,0.762
20120418,6.3026,81.29,1.602,0.7621
20120419,6.3029,81.57,1.6058,0.7615
20120420,6.308,81.6,1.6123,0.7569
20120423,6.3084,81.16,1.6102,0.7617
20120424,6.3073,81.21,1.6135,0.7572
20120425,6.3039,81.33,1.6146,0.757
20120426,6.3054,80.78,1.6188,0.7557
20120427,6.3093,80.48,1.6239,0.7548
20120430,6.279,79.81,1.6225,0.7559
20120501,6.3089,80.17,1.6221,0.7561
20120502,6.307,80.19,1.6193,0.7602
20120503,6.3052,80.36,1.6185,0.7606
20120504,6.3059,79.84,1.6148,0.7639
20120507,6.3074,79.88,1.6192,0.7662
20120508,6.3076,79.79,1.6159,0.7683
20120509,6.3096,79.64,1.613,0.772
20120510,6.314,79.91,1.6161,0.7717
20120511,6.3097,79.86,1.608,0.773
20120514,6.321,79.83,1.6116,0.7784
20120515,6.3176,80.09,1.6025,0.7831
20120516,6.3227,80.32,1.5933,0.7855
20120517,6.3247,79.26,1.5823,0.7868
20120518,6.3245,79.14,1.5788,0.7861
20120521,6.3277,79.31,1.579,0.7831
20120522,6.3223,79.98,1.5775,0.7852
20120523,6.3343,79.33,1.5691,0.7956
20120524,6.3449,79.47,1.5698,0.7947
20120525,6.3439,79.64,1.5648,0.7988
20120528,,,,
20120529,6.3478,79.44,1.563,0.8008
20120530,6.3574,78.93,1.5532,0.8061
20120531,6.3684,78.29,1.5405,0.8088
20120601,6.3692,78.21,1.5383,0.8052
20120604,6.3641,78.3,1.5382,0.8003
20120605,6.367,78.57,1.5355,0.8041
20120606,6.3634,79.11,1.5475,0.7978
20120607,6.3634,79.67,1.5557,0.7957
20120608,6.37,79.47,1.5433,0.8012
20120611,6.369,79.5,1.5515,0.7997
20120612,6.3703,79.44,1.5562,0.8015
20120613,6.3685,79.35,1.5557,0.7939
20120614,6.3702,79.29,1.5533,0.7931
20120615,6.3649,78.65,1.5654,0.7916
20120618,6.3539,78.95,1.5665,0.795
20120619,6.3542,78.92,1.5732,0.7879
20120620,6.3597,79.54,1.575,0.7872
20120621,6.3644,80.18,1.5633,0.7945
20120622,6.3644,80.52,1.5582,0.7971
20120625,6.3631,79.5,1.5555,0.8013
20120626,6.3626,79.46,1.562,0.8019
20120627,6.3561,79.83,1.5549,0.8028
20120628,6.357,79.35,1.5503,0.8043
20120629,6.353,79.81,1.5686,0.7894
20120702,6.3487,79.42,1.5679,0.7947
20120703,6.3519,79.77,1.5702,0.7924
20120704,,,,
20120705,6.3557,79.95,1.5531,0.8075
20120706,6.364,79.61,1.548,0.8141
20120709,6.3709,79.66,1.5507,0.8131
20120710,6.3654,79.44,1.5506,0.816
20120711,6.3682,79.7,1.5532,0.8167
20120712,6.3732,79.29,1.5425,0.8197
20120713,6.3789,79.2,1.555,0.8175
20120716,6.3784,78.8,1.5635,0.8152
20120717,6.3725,79.04,1.5613,0.8174
20120718,6.369,78.79,1.5636,0.8156
20120719,6.3724,78.6,1.5719,0.8159
20120720,6.3734,78.49,1.563,0.8213
20120723,6.3856,78.38,1.5512,0.8247
20120724,6.3857,78.19,1.5521,0.829
20120725,6.3879,78.21,1.5479,0.8243
20120726,6.3839,78.24,1.5683,0.8143
20120727,6.3807,78.55,1.5728,0.8084
20120730,6.3792,78.2,1.5694,0.8163
20120731,6.361,78.1,1.5686,0.812
20120801,6.368,78.19,1.5596,0.8131
20120802,6.3671,78.22,1.55,0.8231
20120803,6.3721,78.6,1.565,0.8071
20120806,6.3738,78.17,1.5625,0.805
20120807,6.3664,78.71,1.5658,0.805
20120808,6.361,78.44,1.5659,0.8088
20120809,6.3579,78.64,1.5623,0.8145
20120810,6.3599,78.24,1.5679,0.8131
20120813,6.3611,78.34,1.569,0.8104
20120814,6.3586,78.82,1.5692,0.8111
20120815,6.3619,78.89,1.5686,0.8138
20120816,6.3659,79.25,1.5738,0.8093
20120817,6.358,79.5,1.5697,0.812
20120820,6.3592,79.41,1.5707,0.8102
20120821,6.3559,79.43,1.5788,0.8018
20120822,6.3515,79.19,1.58,0.8018
20120823,6.3535,78.46,1.5882,0.7947
20120824,6.3542,78.65,1.5815,0.7979
20120827,6.3558,78.67,1.58,0.7991
20120828,6.3525,78.5,1.5828,0.7959
20120829,6.3513,78.72,1.5839,0.7976
20120830,6.3494,78.55,1.5794,0.8002
20120831,6.3484,78.3,1.5864,0.795
20120903,,,,
20120904,6.3465,78.35,1.5889,0.7958
20120905,6.3489,78.34,1.5907,0.7935
20120906,6.3428,78.96,1.5922,0.792
20120907,6.3428,78.14,1.6016,0.7815
20120910,6.3375,78.24,1.6009,0.7816
20120911,6.3349,77.78,1.6071,0.7777
20120912,6.3261,77.86,1.6111,0.7756
20120913,6.3294,77.41,1.6125,0.7745
20120914,6.3145,78.22,1.6244,0.7609
20120917,6.317,78.68,1.6263,0.7619
20120918,6.3187,78.59,1.6251,0.7662
20120919,6.3091,78.4,1.6219,0.7654
20120920,6.3036,78.3,1.6198,0.7723
20120921,6.3051,78.17,1.6251,0.7698
20120924,6.309,77.9,1.6199,0.7747
20120925,6.3057,77.91,1.6232,0.7725
20120926,6.3015,77.78,1.6145,0.7781
20120927,6.3021,77.62,1.6217,0.7768
20120928,6.2848,77.92,1.6132,0.7778
20121001,6.284,78,1.6142,0.7752
20121002,6.284,78.01,1.6186,0.7721
20121003,6.284,78.57,1.6077,0.7747
20121004,6.284,78.44,1.6165,0.7692
20121005,6.284,78.66,1.6196,0.7658
20121008,,,,
20121009,6.2877,78.23,1.5987,0.7766
20121010,6.2831,78.26,1.6007,0.7759
20121011,6.2765,78.44,1.6028,0.7735
20121012,6.267,78.31,1.6075,0.7724
20121015,6.27,78.76,1.6069,0.7722
20121016,6.2637,78.92,1.6101,0.7671
20121017,6.254,78.74,1.6165,0.7614
20121018,6.2501,79.24,1.6141,0.763
20121019,6.2533,79.26,1.6003,0.7679
20121022,6.2543,79.84,1.6028,0.7655
20121023,6.2478,79.79,1.5932,0.771
20121024,6.2478,79.82,1.6015,0.7724
20121025,6.2416,80.04,1.6119,0.7717
20121026,6.248,79.63,1.6098,0.7729
20121029,6.2384,79.81,1.6025,0.7748
20121030,6.2396,79.58,1.6083,0.7705
20121031,6.2372,79.94,1.6111,0.7717
20121101,6.2393,80.14,1.6142,0.773
20121102,6.2411,80.53,1.6036,0.7783
20121105,6.2452,80.17,1.5977,0.7819
20121106,6.2454,80.28,1.5985,0.7802
20121107,6.2435,79.85,1.5975,0.7838
20121108,6.2427,79.74,1.5979,0.7849
20121109,6.245,79.46,1.5912,0.7865
20121112,,,,
20121113,6.226,79.42,1.5885,0.7864
20121114,6.225,80.2,1.5849,0.7849
20121115,6.2329,81.16,1.5865,0.7823
20121116,6.2354,81.28,1.5866,0.7865
20121119,6.2343,81.18,1.5908,0.7809
20121120,6.2324,81.72,1.5927,0.7804
20121121,6.23,82.36,1.5936,0.7803
20121122,,,,
20121123,6.2275,82.34,1.6032,0.7717
20121126,6.2253,82.11,1.6014,0.7712
20121127,6.2221,82.23,1.6028,0.7728
20121128,6.2273,81.84,1.5997,0.7738
20121129,6.2281,82.06,1.6026,0.772
20121130,6.2265,82.54,1.6027,0.7686
20121203,6.2277,82.24,1.6104,0.7653
20121204,6.2254,81.86,1.6097,0.7645
20121205,6.2251,82.4,1.6102,0.7647
20121206,6.2282,82.29,1.6066,0.7711
20121207,6.2299,82.37,1.6031,0.7727
20121210,6.2296,82.37,1.6068,0.7734
20121211,6.246,82.42,1.6103,0.7697
20121212,6.2502,83.1,1.6132,0.767
20121213,6.2316,83.54,1.613,0.7647
20121214,6.241,83.52,1.6139,0.7614
20121217,6.236,83.7,1.6203,0.7594
20121218,6.2322,84,1.6256,0.7562
20121219,6.2293,84.32,1.6275,0.7541
20121220,6.2297,84.33,1.6268,0.7562
20121221,6.2284,84.1,1.6167,0.7595
20121224,6.2335,84.81,1.6113,0.7588
20121225,,,,
20121226,6.2351,85.62,1.6118,0.756
20121227,6.2358,86.06,1.6106,0.756
20121228,6.2315,86.12,1.6157,0.7564
20121231,6.2301,86.64,1.6262,0.7584
20130101,,,,
20130102,6.2301,87.1,1.6255,0.7579
20130103,6.2301,86.92,1.6151,0.7628
20130104,6.2303,88.14,1.6036,0.7665
20130107,6.2294,87.68,1.608,0.7634
20130108,6.2235,87.31,1.604,0.7652
20130109,6.226,87.9,1.6024,0.7646
20130110,6.223,88.16,1.6125,0.7564
20130111,6.2156,89.22,1.6128,0.7489
20130114,6.219,89.34,1.6077,0.748
20130115,6.2134,88.65,1.6089,0.7495
20130116,6.216,88.64,1.6009,0.7516
20130117,6.2158,89.41,1.5991,0.7487
20130118,6.2152,89.9,1.5876,0.7517
20130121,,,,
20130122,6.2196,88.62,1.5862,0.7517
20130123,6.2178,88.44,1.5848,0.7514
20130124,6.2179,90.04,1.5789,0.7475
20130125,6.2203,91.04,1.5799,0.7432
20130128,6.224,90.73,1.5686,0.743
20130129,6.2259,90.65,1.5751,0.7416
20130130,6.2204,91.05,1.5793,0.7372
20130131,6.2186,91.28,1.5856,0.7362
20130201,6.2265,92.54,1.5744,0.7304
20130204,6.2326,92.57,1.5737,0.7393
20130205,6.2292,93.34,1.5652,0.737
20130206,6.2315,93.56,1.5655,0.7392
20130207,6.2323,93.24,1.5712,0.7473
20130208,6.2323,92.72,1.5814,0.7482
20130211,6.2323,93.44,1.5668,0.7455
20130212,6.2323,93.14,1.5654,0.7435
20130213,6.2323,93.39,1.5544,0.7436
20130214,6.2323,93.1,1.5502,0.75
20130215,6.2323,93.64,1.5518,0.7484
20130218,,,,
20130219,6.2438,93.54,1.5432,0.747
20130220,6.2371,93.53,1.5301,0.7491
20130221,6.2403,92.96,1.5263,0.7573
20130222,6.2346,93.35,1.5256,0.7595
20130225,6.2337,93.35,1.5112,0.7592
20130226,6.2293,91.38,1.5125,0.766
20130227,6.2271,91.88,1.5134,0.7631
20130228,6.2213,92.36,1.5192,0.7646
20130301,6.2226,93.38,1.5033,0.7699
20130304,6.2246,93.32,1.5084,0.7695
20130305,6.2208,93.39,1.5098,0.7681
20130306,6.2173,93.64,1.5036,0.7698
20130307,6.22,95,1.5032,0.7635
20130308,6.2145,96,1.4926,0.7697
20130311,6.2179,96.12,1.4898,0.7684
20130312,6.216,95.96,1.4877,0.7679
20130313,6.2137,96,1.4925,0.7723
20130314,6.2145,96.16,1.5039,0.7708
20130315,6.2133,95.26,1.5124,0.7648
20130318,6.2156,94.92,1.5113,0.7718
20130319,6.2154,94.85,1.5118,0.7759
20130320,6.2117,95.51,1.5133,0.7722
20130321,6.2141,95.06,1.518,0.7735
20130322,6.212,94.48,1.5239,0.7695
20130325,6.2105,94.34,1.5184,0.7763
20130326,6.2108,94.22,1.5156,0.7777
20130327,6.2138,94.38,1.5112,0.7824
20130328,6.2143,94.02,1.5184,0.7787
20130329,6.2108,94.16,1.5193,0.7803
20130401,6.2078,93.3,1.5232,0.7778
20130402,6.1992,93.43,1.5113,0.7791
20130403,6.1962,92.96,1.514,0.7784
20130404,6.2005,96.12,1.5198,0.778
20130405,6.2005,96.86,1.5336,0.7676
20130408,6.2031,98.9,1.5257,0.7688
20130409,6.2022,99.02,1.5317,0.7638
20130410,6.1938,99.61,1.5315,0.7657
20130411,6.1961,99.42,1.5403,0.762
20130412,6.1914,98.98,1.5373,0.7637
20130415,6.1866,98,1.532,0.7644
20130416,6.1824,97.86,1.5316,0.761
20130417,6.172,97.74,1.5255,0.7663
20130418,6.1811,98.22,1.5282,0.765
20130419,6.1772,99.28,1.5254,0.7653
20130422,6.1823,99.29,1.5262,0.7663
20130423,6.179,99.43,1.5267,0.7685
20130424,6.1782,99.39,1.5258,0.7694
20130425,6.1707,99.42,1.5434,0.769
20130426,6.1647,97.84,1.5479,0.7678
20130429,6.1647,98.09,1.5497,0.7639
20130430,6.1647,97.52,1.5539,0.7594
20130501,6.1647,97.28,1.5578,0.758
20130502,6.156,97.96,1.5519,0.7653
20130503,6.1555,99.1,1.5563,0.7627
20130506,6.1665,99.35,1.5538,0.7653
20130507,6.1539,99,1.5468,0.7642
20130508,6.141,98.9,1.5563,0.7589
20130509,6.1306,99.29,1.5502,0.7631
20130510,6.1415,101.74,1.5334,0.7719
20130513,6.1465,101.84,1.5291,0.7704
20130514,6.1426,102.18,1.5258,0.7711
20130515,6.1454,102.44,1.5198,0.7778
20130516,6.1487,102.22,1.5302,0.7753
20130517,6.141,102.98,1.5173,0.7802
20130520,6.1386,102.54,1.5223,0.7773
20130521,6.1353,102.36,1.517,0.7746
20130522,6.1309,103.52,1.5038,0.7774
20130523,6.1337,101.66,1.512,0.7726
20130524,6.1311,100.98,1.5126,0.774
20130527,,,,
20130528,6.1213,102.07,1.5061,0.777
20130529,6.1264,100.91,1.5121,0.7726
20130530,6.1307,101.06,1.5207,0.7668
20130531,6.134,100.83,1.5185,0.7699
20130603,6.1312,99.18,1.5349,0.7635
20130604,6.1285,100.15,1.5304,0.7648
20130605,6.1276,99.16,1.5392,0.7641
20130606,6.1359,97.76,1.5601,0.7548
20130607,6.1333,97.2,1.5558,0.7552
20130610,6.1333,98.88,1.5556,0.7556
20130611,6.1333,96.82,1.5587,0.7531
20130612,6.1333,95.36,1.5697,0.7488
20130613,6.1341,94.29,1.5698,0.7511
20130614,6.1306,94.34,1.5686,0.7502
20130617,6.1248,94.87,1.5709,0.7496
20130618,6.1283,95.2,1.5625,0.7459
20130619,6.1264,95.22,1.5657,0.746
20130620,6.1277,98.18,1.5469,0.7568
20130621,6.1328,97.48,1.5373,0.7626
20130624,6.1441,97.7,1.5404,0.7639
20130625,6.1448,97.87,1.5418,0.7645
20130626,6.1468,97.43,1.5332,0.7689
20130627,6.1488,98.4,1.5235,0.7683
20130628,6.1374,99.21,1.521,0.7686
20130701,6.1325,99.62,1.5247,0.7657
20130702,6.1327,100.43,1.5171,0.7682
20130703,6.1301,99.82,1.5264,0.7689
20130704,,,,
20130705,6.1324,100.94,1.491,0.7794
20130708,6.1337,101.07,1.4932,0.7774
20130709,6.1293,101.08,1.4837,0.7828
20130710,6.1336,100.1,1.4935,0.7785
20130711,6.135,98.8,1.5127,0.7665
20130712,6.1373,99.39,1.5108,0.7664
20130715,6.1373,100.04,1.5088,0.7669
20130716,6.1345,99.37,1.5122,0.7608
20130717,6.1351,99.7,1.5184,0.7637
20130718,6.1408,100.6,1.5193,0.7646
20130719,6.1377,100.3,1.526,0.7609
20130722,6.1404,99.6,1.5366,0.758
20130723,6.1369,99.76,1.5354,0.7569
20130724,6.1358,100.21,1.5367,0.756
20130725,6.1346,99.56,1.5333,0.7556
20130726,6.1316,98.24,1.5368,0.7536
20130729,6.1323,97.8,1.5355,0.754
20130730,6.1315,98.02,1.5244,0.7538
20130731,6.1284,98.35,1.5177,0.7529
20130801,6.1302,99.3,1.5145,0.7566
20130802,6.1293,99.04,1.5277,0.7537
20130805,6.1245,98.54,1.5347,0.7543
20130806,6.1215,97.85,1.5367,0.7521
20130807,6.119,96.72,1.5514,0.7502
20130808,6.1207,96.03,1.5555,0.7467
20130809,6.1217,96.24,1.5507,0.7497
20130812,6.1218,96.44,1.5475,0.7512
20130813,6.1217,98.06,1.5451,0.7549
20130814,6.1191,98.15,1.5531,0.7544
20130815,6.1123,97.81,1.5573,0.754
20130816,6.1145,97.6,1.5621,0.7507
20130819,6.1227,97.94,1.5665,0.7492
20130820,6.1241,97.12,1.5678,0.7448
20130821,6.1229,97.66,1.5678,0.7481
20130822,6.1206,98.53,1.558,0.7484
20130823,6.12,98.57,1.5578,0.7467
20130826,6.1202,98.64,1.5568,0.748
20130827,6.1212,97.3,1.5528,0.747
20130828,6.1202,97.65,1.552,0.7504
20130829,6.1203,98.46,1.5488,0.756
20130830,6.1193,98.22,1.5468,0.7578
20130902,,,,
20130903,6.1204,99.43,1.5544,0.7596
20130904,6.1199,99.61,1.5643,0.7569
20130905,6.1194,100.08,1.5593,0.7622
20130906,6.1202,99.04,1.5633,0.7595
20130909,6.1209,99.55,1.5724,0.7541
20130910,6.1195,100.22,1.5731,0.7541
20130911,6.1183,100.08,1.5807,0.7518
20130912,6.1178,99.24,1.5819,0.751
20130913,6.1186,99.38,1.5861,0.7532
20130916,6.1198,98.98,1.5927,0.7491
20130917,6.1213,99.16,1.5901,0.7487
20130918,6.121,99.04,1.5965,0.749
20130919,6.121,99.33,1.6043,0.7393
20130920,6.121,99.38,1.6021,0.7395
20130923,6.1201,98.76,1.6066,0.7396
20130924,6.1208,98.76,1.6006,0.7413
20130925,6.119,98.62,1.608,0.7388
20130926,6.1194,98.95,1.6012,0.7416
20130927,6.1179,98.3,1.6135,0.7387
20130930,6.12,98.29,1.6179,0.7388
20131001,6.12,98.05,1.6208,0.7389
20131002,6.12,97.36,1.6224,0.7357
20131003,6.12,97.08,1.6169,0.733
20131004,6.12,97.2,1.6069,0.7363
20131007,6.12,97.02,1.6082,0.737
20131008,6.1206,96.94,1.6089,0.7363
20131009,6.1209,97.23,1.5943,0.74
20131010,6.1156,98.09,1.5975,0.7388
20131011,6.1204,98.42,1.5945,0.7375
20131014,,,,
20131015,6.1026,98.58,1.5974,0.7411
20131016,6.0996,98.9,1.5904,0.7413
20131017,6.098,97.85,1.6166,0.7319
20131018,6.0966,97.77,1.6184,0.7303
20131021,6.0924,98.14,1.6149,0.7314
20131022,6.0925,98.18,1.6221,0.7258
20131023,6.0833,97.28,1.6171,0.7254
20131024,6.0815,97.36,1.6186,0.7241
20131025,6.0838,97.46,1.6158,0.725
20131028,6.0853,97.7,1.6131,0.7254
20131029,6.0897,98.09,1.6059,0.7262
20131030,6.0936,98.14,1.6078,0.7262
20131031,6.0943,98.1,1.6068,0.7356
20131101,6.0993,98.78,1.5922,0.7414
20131104,6.098,98.62,1.595,0.7399
20131105,6.0966,98.6,1.6044,0.7424
20131106,6.0925,98.6,1.608,0.7391
20131107,6.0906,98.56,1.6069,0.7468
20131108,6.0903,99.03,1.5995,0.7487
20131111,,,,
20131112,6.0917,99.65,1.5916,0.7447
20131113,6.0926,99.31,1.6033,0.7432
20131114,6.092,99.93,1.6077,0.7425
20131115,6.092,100.17,1.6107,0.7418
20131118,6.0918,100.04,1.611,0.7396
20131119,6.0924,100.14,1.611,0.7392
20131120,6.0925,100.02,1.615,0.7434
20131121,6.0914,100.95,1.6155,0.7424
20131122,6.0935,101.29,1.6211,0.7382
20131125,6.0916,101.7,1.6146,0.7406
20131126,6.0925,101.38,1.6187,0.7377
20131127,6.0922,102.18,1.6267,0.7373
20131128,,,,
20131129,6.0922,102.45,1.6373,0.735
20131202,6.0927,103.04,1.6365,0.7379
20131203,6.0914,102.36,1.6416,0.7351
20131204,6.0913,102.48,1.6352,0.7377
20131205,6.0903,101.82,1.6328,0.7319
20131206,6.0815,102.88,1.6327,0.7305
20131209,6.0643,103.22,1.6403,0.7285
20131210,6.0705,102.8,1.6424,0.7265
20131211,6.0712,102.38,1.6389,0.7247
20131212,6.071,103.11,1.6326,0.7272
20131213,6.071,103.28,1.6294,0.7287
20131216,6.0713,102.91,1.6311,0.7269
20131217,6.0707,102.63,1.6254,0.7274
20131218,6.0713,103.18,1.6388,0.7264
20131219,6.0711,104.16,1.6382,0.7317
20131220,6.0711,104.07,1.6355,0.7314
20131223,6.0697,104.06,1.6356,0.7299
20131224,6.0712,104.26,1.6371,0.7312
20131225,,,,
20131226,6.0744,104.72,1.6425,0.7305
20131227,6.0684,105.05,1.6491,0.7264
20131230,6.0617,105,1.6522,0.7238
20131231,6.0537,105.25,1.6574,0.7257
20140101,,,,
20140102,6.0504,104.84,1.6441,0.7315
20140103,6.0505,104.46,1.6424,0.735
20140106,6.0524,104.38,1.6412,0.7334
20140107,6.0507,104.54,1.6421,0.7343
20140108,6.051,104.87,1.6461,0.7361
20140109,6.054,104.74,1.6459,0.7358
20140110,6.0519,104.06,1.647,0.7319
20140113,6.0432,103.31,1.6379,0.7328
20140114,6.0402,103.8,1.645,0.7309
20140115,6.0459,104.42,1.6375,0.7351
20140116,6.0555,104.32,1.6335,0.7353
20140117,6.05,104.32,1.6429,0.7378
20140120,,,,
20140121,6.0503,104.14,1.6469,0.7375
20140122,6.0508,104.36,1.6571,0.7382
20140123,6.0515,103.65,1.6612,0.731
20140124,6.0486,102.41,1.6491,0.731
20140127,6.0478,102.26,1.6588,0.731
20140128,6.0506,102.8,1.6581,0.732
20140129,6.0554,102.2,1.6561,0.7319
20140130,6.06,102.83,1.6487,0.7381
20140131,6.059,102.28,1.645,0.7407
20140203,6.06,101.11,1.6307,0.7395
20140204,6.06,101.62,1.63,0.7404
20140205,6.06,101.38,1.6308,0.7397
20140206,6.06,101.84,1.6345,0.7351
20140207,6.0629,102.32,1.6395,0.7345
20140210,6.0591,102.14,1.6419,0.7329
20140211,6.0601,102.63,1.6468,0.7324
20140212,6.0614,102.48,1.6578,0.7357
20140213,6.0631,102.2,1.6643,0.7316
20140214,6.0666,101.82,1.6736,0.7305
20140217,,,,
20140218,6.0671,102.31,1.6696,0.7268
20140219,6.0762,102.3,1.6718,0.7266
20140220,6.0832,102.32,1.664,0.7305
20140221,6.0912,102.71,1.663,0.7288
20140224,6.0982,102.44,1.6641,0.7276
20140225,6.1243,102.2,1.6696,0.7273
20140226,6.1243,102.36,1.6648,0.7316
20140227,6.1279,102.12,1.6693,0.7287
20140228,6.1448,102.08,1.675,0.7243
20140303,6.146,101.36,1.6712,0.7266
20140304,6.143,102.18,1.6665,0.7283
20140305,6.128,102.32,1.6729,0.7281
20140306,6.1183,103.03,1.6743,0.7221
20140307,6.1258,103.38,1.6725,0.7211
20140310,6.1383,103.23,1.6633,0.7205
20140311,6.1397,103.18,1.6628,0.7211
20140312,6.1448,102.74,1.6605,0.7192
20140313,6.1359,102.12,1.6677,0.718
20140314,6.15,101.46,1.663,0.7182
20140317,6.1779,101.62,1.6645,0.718
20140318,6.1918,101.37,1.6574,0.7188
20140319,6.1934,101.54,1.6629,0.7189
20140320,6.2273,102.39,1.6511,0.7255
20140321,6.2248,102.38,1.6498,0.7255
20140324,6.1956,102.21,1.6491,0.7255
20140325,6.201,102.32,1.6507,0.7258
20140326,6.2084,102.3,1.6566,0.7254
20140327,6.2123,102.1,1.6627,0.7272
20140328,6.2117,102.92,1.6637,0.7271
20140331,6.2164,102.98,1.6675,0.7258
20140401,6.2064,103.52,1.6639,0.7244
20140402,6.2054,103.82,1.6634,0.7267
20140403,6.2102,103.94,1.6583,0.7295
20140404,6.2118,103.39,1.6594,0.7297
20140407,6.2118,103.04,1.6616,0.7275
20140408,6.1966,102.12,1.6743,0.7245
20140409,6.2003,101.85,1.6751,0.7238
20140410,6.2123,101.43,1.6781,0.7198
20140411,6.2111,101.56,1.6736,0.7195
20140414,6.2186,101.81,1.6741,0.7234
20140415,6.2215,101.6,1.6725,0.7243
20140416,6.2204,102.3,1.6794,0.7236
20140417,6.2188,102.22,1.6809,0.723
20140418,6.224,102.43,1.6792,0.7238
20140421,6.2269,102.56,1.6792,0.7252
20140422,6.2373,102.6,1.6833,0.7244
20140423,6.2374,102.26,1.6768,0.7239
20140424,6.2484,102.34,1.6797,0.7232
20140425,6.2534,102.12,1.681,0.7226
20140428,6.252,102.46,1.6812,0.7223
20140429,6.2578,102.57,1.6829,0.7242
20140430,6.2591,102.14,1.6883,0.721
20140501,6.2591,102.3,1.69,0.7211
20140502,6.2591,102.34,1.6865,0.7213
20140505,6.2453,102.06,1.687,0.7203
20140506,6.2255,101.57,1.6976,0.7182
20140507,6.2349,101.72,1.6964,0.7185
20140508,6.2272,101.66,1.6944,0.7213
20140509,6.227,101.74,1.6849,0.7266
20140512,6.2364,102.1,1.6871,0.7267
20140513,6.2283,102.2,1.6838,0.7293
20140514,6.2282,101.75,1.6784,0.729
20140515,6.2291,101.44,1.6791,0.7293
20140516,6.2327,101.5,1.6827,0.7295
20140519,6.2368,101.26,1.6822,0.7291
20140520,6.2377,101.26,1.6847,0.7298
20140521,6.2335,101.44,1.6869,0.7322
20140522,6.2348,101.76,1.6859,0.7325
20140523,6.2363,101.88,1.6822,0.7338
20140526,,,,
20140527,6.2471,102.14,1.68,0.7343
20140528,6.2535,101.78,1.6709,0.7355
20140529,6.2375,101.58,1.6719,0.7349
20140530,6.2471,101.77,1.6764,0.7331
20140602,6.2471,102.3,1.6756,0.735
20140603,6.2536,102.42,1.6753,0.734
20140604,6.2494,102.69,1.6747,0.7343
20140605,6.2548,102.44,1.6796,0.7343
20140606,6.2498,102.5,1.6794,0.7332
20140609,6.2397,102.52,1.6798,0.7359
20140610,6.224,102.37,1.6753,0.7384
20140611,6.2277,101.94,1.6795,0.739
20140612,6.2175,101.83,1.6853,0.7377
20140613,6.209,102.06,1.6953,0.7395
20140616,6.225,101.82,1.6988,0.7365
20140617,6.2263,102.18,1.6965,0.7384
20140618,6.2309,102.16,1.6951,0.7371
20140619,6.2287,101.84,1.7046,0.7342
20140620,6.224,102.14,1.7014,0.7361
20140623,6.225,101.9,1.701,0.7357
20140624,6.2308,102.13,1.6971,0.7359
20140625,6.2343,101.75,1.6986,0.7332
20140626,6.2235,101.66,1.7018,0.7348
20140627,6.218,101.39,1.7016,0.7336
20140630,6.2036,101.28,1.7105,0.7305
20140701,6.1995,101.51,1.7147,0.7309
20140702,6.2101,101.76,1.7165,0.7323
20140703,6.2115,102.19,1.7152,0.7348
20140704,,,,
20140707,6.2036,101.84,1.7128,0.7351
20140708,6.201,101.53,1.7127,0.7345
20140709,6.1994,101.7,1.713,0.7337
20140710,6.2023,101.26,1.7122,0.7353
20140711,6.2034,101.33,1.7108,0.7354
20140714,6.2059,101.58,1.7079,0.7342
20140715,6.2075,101.62,1.7149,0.7368
20140716,6.2035,101.69,1.7131,0.7391
20140717,6.2033,101.3,1.7104,0.7391
20140718,6.2075,101.37,1.7069,0.7399
20140721,6.2088,101.34,1.7067,0.7394
20140722,6.2025,101.54,1.7058,0.7424
20140723,6.1982,101.5,1.7036,0.7428
20140724,6.1944,101.82,1.6981,0.7425
20140725,6.1913,101.81,1.6972,0.7445
20140728,6.187,101.82,1.6991,0.744
20140729,6.18,102.12,1.6939,0.7457
20140730,6.1712,102.9,1.6903,0.7475
20140731,6.1737,102.75,1.6889,0.7468
20140801,6.1793,102.45,1.6832,0.7443
20140804,6.178,102.47,1.6841,0.7455
20140805,6.1705,102.77,1.6874,0.7482
20140806,6.1625,102.34,1.6833,0.7488
20140807,6.1618,102.06,1.6849,0.7484
20140808,6.1557,101.91,1.6778,0.7456
20140811,6.1528,102.14,1.6787,0.7471
20140812,6.1575,102.22,1.6806,0.7487
20140813,6.1531,102.48,1.6696,0.7481
20140814,6.1575,102.44,1.6694,0.7476
20140815,6.147,102.19,1.6686,0.7467
20140818,6.1425,102.54,1.672,0.7486
20140819,6.1425,102.86,1.662,0.7508
20140820,6.1395,103.36,1.6633,0.7528
20140821,6.151,103.78,1.6589,0.7528
20140822,6.151,103.97,1.6574,0.7555
20140825,6.154,103.96,1.6585,0.7572
20140826,6.1522,104.12,1.657,0.7582
20140827,6.143,103.98,1.6573,0.758
20140828,6.1423,103.78,1.6579,0.7588
20140829,6.143,104,1.6585,0.7605
20140901,,,,
20140902,6.148,105.1,1.6502,0.762
20140903,6.1408,104.88,1.6451,0.7613
20140904,6.1383,105.22,1.6349,0.7736
20140905,6.14,104.94,1.6312,0.7718
20140908,6.14,105.65,1.6141,0.7723
20140909,6.1362,106.32,1.6088,0.7747
20140910,6.1284,106.76,1.6134,0.7747
20140911,6.1295,106.87,1.6225,0.773
20140912,6.1344,107.24,1.6243,0.7719
20140915,6.1415,107.18,1.6243,0.7721
20140916,6.1459,106.91,1.629,0.7707
20140917,6.1385,107.58,1.6329,0.7717
20140918,6.14,108.69,1.6372,0.7744
20140919,6.1403,108.96,1.6314,0.7791
20140922,6.14,108.88,1.634,0.7795
20140923,6.1368,108.82,1.637,0.7777
20140924,6.1346,108.92,1.6344,0.782
20140925,6.1355,108.7,1.6313,0.7844
20140926,6.1266,109.32,1.6254,0.7883
20140929,6.1495,109.34,1.6262,0.7872
20140930,6.138,109.66,1.622,0.7919
20141001,6.138,109.3,1.6216,0.7925
20141002,6.138,108.1,1.614,0.7893
20141003,6.1385,109.7,1.5962,0.7989
20141006,6.1385,109.08,1.6029,0.7942
20141007,6.1385,108.3,1.6072,0.792
20141008,6.1385,108.41,1.6068,0.7885
20141009,6.1299,108,1.6123,0.7885
20141010,6.1308,107.83,1.6049,0.7914
20141013,,,,
20141014,6.125,107.15,1.593,0.7899
20141015,6.1249,106.06,1.5959,0.7826
20141016,6.123,105.98,1.6065,0.7805
20141017,6.1238,106.72,1.6086,0.784
20141020,6.1233,106.87,1.6137,0.7823
20141021,6.1205,106.7,1.6134,0.7859
20141022,6.118,107.32,1.607,0.79
20141023,6.119,108.16,1.6037,0.79
20141024,6.1168,108.06,1.6098,0.789
20141027,6.116,107.71,1.6133,0.7867
20141028,6.113,108,1.6157,0.7845
20141029,6.1107,108.1,1.6149,0.7836
20141030,6.114,108.94,1.6023,0.7923
20141031,6.1124,112.09,1.5999,0.7981
20141103,6.1178,113.92,1.5986,0.8008
20141104,6.115,113.44,1.5991,0.7966
20141105,6.1135,114.62,1.5984,0.8008
20141106,6.1117,114.87,1.5862,0.8055
20141107,6.1225,114.73,1.5844,0.805
20141110,6.119,114.78,1.5857,0.8048
20141111,,,,
20141112,6.1257,115.42,1.5815,0.8028
20141113,6.1243,115.63,1.5717,0.8015
20141114,6.129,116.52,1.5657,0.8004
20141117,6.1242,116.44,1.5645,0.8034
20141118,6.1208,116.76,1.5648,0.7978
20141119,6.119,117.7,1.567,0.7969
20141120,6.123,118.14,1.5683,0.7983
20141121,6.1244,117.74,1.5672,0.8068
20141124,6.1412,118.39,1.5701,0.8047
20141125,6.1355,117.99,1.5714,0.8018
20141126,6.1386,117.6,1.5787,0.7998
20141127,,,,
20141128,6.1429,118.7,1.5638,0.804
20141201,6.1515,118.14,1.5743,0.8006
20141202,6.149,119.1,1.5651,0.8071
20141203,6.1499,119.82,1.57,0.8127
20141204,6.1541,119.67,1.5707,0.8044
20141205,6.1497,121.38,1.56,0.8127
20141208,6.1725,120.89,1.5625,0.8135
20141209,6.1855,118.87,1.5694,0.8055
20141210,6.1763,118.5,1.5689,0.8048
20141211,6.1881,119.4,1.5712,0.8066
20141212,6.1864,118.22,1.5728,0.801
20141215,6.19,117.75,1.5663,0.8019
20141216,6.189,117.28,1.5736,0.7997
20141217,6.1957,117.64,1.5652,0.8061
20141218,6.2139,118.84,1.5662,0.8136
20141219,6.2196,119.56,1.5609,0.8173
20141222,6.2213,119.84,1.5618,0.8162
20141223,6.2256,120.68,1.5517,0.821
20141224,6.2148,120.45,1.5549,0.8205
20141225,,,,
20141226,,,,
20141229,6.2222,120.57,1.5524,0.8211
20141230,6.2015,119.34,1.5573,0.8214
20141231,6.2046,119.85,1.5578,0.8264
20150101,,,,
20150102,6.2046,120.2,1.5361,0.8323
20150105,6.2201,119.64,1.5234,0.8391
20150106,6.2125,118.26,1.5174,0.8378
20150107,6.2127,119.52,1.5073,0.846
20150108,6.2143,119.51,1.5118,0.8467
20150109,6.2085,118.66,1.5151,0.8453
20150112,6.2027,118.32,1.5168,0.8452
20150113,6.197,118.16,1.5166,0.849
20150114,6.1957,116.78,1.5234,0.847
20150115,6.187,116.95,1.5161,0.8622
20150116,6.2065,117.45,1.5132,0.8683
20150119,,,,
20150120,6.2137,118.48,1.5162,0.8651
20150121,6.2112,117.86,1.5118,0.8633
20150122,6.2085,117.92,1.5052,0.8761
20150123,6.2279,117.8,1.5022,0.8866
20150126,6.2535,118.38,1.5088,0.8857
20150127,6.243,117.62,1.5196,0.8795
20150128,6.2475,117.74,1.5165,0.8817
20150129,6.2463,118.31,1.5043,0.8843
20150130,6.2495,117.44,1.5026,0.8857
20150202,6.2594,117.33,1.5027,0.8821
20150203,6.2573,117.48,1.5129,0.8724
20150204,6.2472,117.58,1.5209,0.8758
20150205,6.2516,117.4,1.5293,0.8747
20150206,6.2417,119.16,1.5247,0.8826
20150209,6.2467,118.7,1.5217,0.8837
20150210,6.2405,119.32,1.5252,0.8837
20150211,6.2422,120.38,1.5232,0.885
20150212,6.244,118.72,1.538,0.8764
20150213,6.2399,118.7,1.5394,0.8766
20150216,,,,
20150217,6.2546,118.99,1.5349,0.8776
20150218,6.2546,119.19,1.543,0.8817
20150219,6.2546,118.84,1.5451,0.8778
20150220,6.2546,118.68,1.5385,0.8794
20150223,6.2546,118.88,1.5465,0.8814
20150224,6.2546,119.13,1.5434,0.8844
20150225,6.2591,118.88,1.5499,0.88
20150226,6.2584,119.36,1.5424,0.8919
20150227,6.2695,119.72,1.5439,0.8931
20150302,6.272,120.06,1.5371,0.8937
20150303,6.2741,119.47,1.5391,0.8919
20150304,6.2701,119.76,1.5266,0.9033
20150305,6.2658,120.22,1.5229,0.9086
20150306,6.262,120.93,1.5063,0.9212
20150309,6.2635,121.17,1.5097,0.922
20150310,6.2615,121.2,1.5086,0.934
20150311,6.2613,121.5,1.4945,0.9455
20150312,6.2614,121.28,1.4907,0.9421
20150313,6.2585,121.17,1.4755,0.9502
20150316,6.262,121.3,1.48,0.9456
20150317,6.249,121.28,1.4744,0.943
20150318,6.2289,120.92,1.4686,0.9396
20150319,6.1955,120.9,1.4729,0.9415
20150320,6.2037,120.28,1.4923,0.9266
20150323,6.2135,119.74,1.4936,0.9151
20150324,6.2046,119.9,1.487,0.9168
20150325,6.2116,119.37,1.4915,0.9102
20150326,6.2103,119.01,1.4844,0.9158
20150327,6.2145,119.15,1.4878,0.9182
20150330,6.2065,120.11,1.4792,0.9244
20150331,6.199,119.96,1.485,0.931
20150401,6.1976,119.62,1.4823,0.9287
20150402,6.1968,119.74,1.4842,0.9196
20150403,6.193,118.96,1.4916,0.9099
20150406,6.193,119.05,1.4959,0.9084
20150407,6.1955,120.36,1.4857,0.9217
20150408,6.202,119.96,1.4924,0.9244
20150409,6.205,120.32,1.4739,0.9371
20150410,6.2082,120.29,1.4648,0.9436
20150413,6.2152,120.32,1.4658,0.945
20150414,6.2113,119.26,1.479,0.937
20150415,6.2037,119.23,1.4782,0.9438
20150416,6.1947,119.18,1.4923,0.9309
20150417,6.1976,119.02,1.4942,0.9276
20150420,6.2014,119.27,1.4913,0.9291
20150421,6.201,119.45,1.4944,0.9295
20150422,6.1927,119.9,1.5027,0.9321
20150423,6.1975,119.69,1.5047,0.9257
20150424,6.193,118.98,1.5176,0.9195
20150427,6.2185,119.12,1.5235,0.9181
20150428,6.2035,118.8,1.5328,0.9108
20150429,6.1989,118.83,1.5485,0.8949
20150430,6.2018,119.86,1.5328,0.8959
20150501,6.2018,120.21,1.5137,0.8933
20150504,6.2085,120.25,1.5118,0.8973
20150505,6.2058,119.87,1.5178,0.8949
20150506,6.2001,119.42,1.5244,0.8814
20150507,6.2063,119.74,1.5223,0.8863
20150508,6.2084,119.78,1.5455,0.8896
20150511,6.2086,120.05,1.5593,0.8975
20150512,6.2086,119.8,1.5685,0.8897
20150513,6.2043,119.09,1.5748,0.8794
20150514,6.2013,119.2,1.5766,0.8797
20150515,6.2051,119.36,1.5772,0.875
20150518,6.2041,119.82,1.5679,0.8807
20150519,6.2064,120.58,1.5523,0.8968
20150520,6.2036,121.28,1.5544,0.9026
20150521,6.1958,121.06,1.5672,0.8988
20150522,6.1972,121.45,1.5484,0.9064
20150525,,,,
20150526,6.2038,123.08,1.5398,0.9195
20150527,6.2011,123.76,1.5324,0.9184
20150528,6.2002,124.18,1.5291,0.9163
20150529,6.198,123.98,1.5286,0.9096
20150601,6.1985,124.64,1.5187,0.9163
20150602,6.198,124.19,1.5331,0.8985
20150603,6.1976,124.06,1.5351,0.8861
20150604,6.2006,124.56,1.5367,0.8872
20150605,6.2024,125.58,1.5267,0.9003
20150608,6.2053,125.08,1.528,0.8903
20150609,6.2047,124.16,1.5383,0.8862
20150610,6.2055,122.72,1.553,0.8844
20150611,6.2065,123.62,1.5493,0.89
20150612,6.2081,123.23,1.5587,0.8867
20150615,6.208,123.38,1.5572,0.8876
20150616,6.2085,123.39,1.5637,0.8898
20150617,6.2086,124.25,1.5708,0.8894
20150618,6.2075,122.87,1.5882,0.8769
20150619,6.2085,122.7,1.5881,0.8822
20150622,6.2085,123.28,1.5823,0.8789
20150623,6.2066,123.71,1.5751,0.8937
20150624,6.2061,124.24,1.5681,0.8946
20150625,6.2084,123.63,1.5728,0.8932
20150626,6.208,123.92,1.5739,0.8964
20150629,6.2085,122.5,1.5764,0.8945
20150630,6.2,122.1,1.5727,0.8965
20150701,6.2008,123.02,1.5617,0.9022
20150702,6.2044,123.14,1.5614,0.9017
20150703,,,,
20150706,6.2089,122.53,1.5619,0.9029
20150707,6.2097,122.16,1.5443,0.9131
20150708,6.2087,120.54,1.5353,0.9032
20150709,6.2086,121.22,1.5375,0.907
20150710,6.2092,122.75,1.5503,0.8969
20150713,6.2081,123.35,1.5518,0.9074
20150714,6.2088,123.39,1.5584,0.9079
20150715,6.2082,123.89,1.5621,0.912
20150716,6.2094,124.04,1.5601,0.9176
20150717,6.2085,124,1.5624,0.9218
20150720,6.2095,124.24,1.5587,0.9217
20150721,6.2095,123.93,1.555,0.9152
20150722,6.2093,124.08,1.5617,0.9188
20150723,6.2091,123.88,1.5533,0.9111
20150724,6.2095,123.74,1.5514,0.9111
20150727,6.2091,123.24,1.5595,0.8999
20150728,6.2084,123.52,1.5617,0.9046
20150729,6.2089,123.86,1.5624,0.9069
20150730,6.2096,124.38,1.5581,0.9163
20150731,6.2097,123.94,1.5634,0.9068
20150803,6.2087,123.98,1.5603,0.9122
20150804,6.2086,124,1.5612,0.913
20150805,6.2096,124.84,1.5604,0.9201
20150806,6.2096,124.6,1.5521,0.9156
20150807,6.2087,124.27,1.5467,0.9126
20150810,6.2094,124.55,1.5546,0.9096
20150811,6.3232,124.9,1.5572,0.9056
20150812,6.3845,123.87,1.5639,0.893
20150813,6.3982,124.32,1.5595,0.8973
20150814,6.3908,124.27,1.5625,0.9001
20150817,6.3937,124.33,1.5598,0.9027
20150818,6.3928,124.39,1.5658,0.9068
20150819,6.3956,124.1,1.5645,0.9041
20150820,6.3875,123.54,1.5688,0.8929
20150821,6.3887,122.11,1.5698,0.8806
20150824,6.4029,118.56,1.5731,0.8636
20150825,6.4122,119.91,1.5698,0.8764
20150826,6.4083,119.07,1.5493,0.878
20150827,6.4053,120.89,1.5411,0.8898
20150828,6.389,121.32,1.5362,0.8951
20150831,6.376,121.26,1.5363,0.8933
20150901,6.363,119.94,1.5341,0.8879
20150902,6.3544,120,1.531,0.8895
20150903,6.3549,120.2,1.5254,0.9006
20150904,6.3549,119.05,1.5195,0.8995
20150907,,,,
20150908,6.3657,119.72,1.5381,0.8943
20150909,6.3768,120.94,1.5363,0.8957
20150910,6.377,120.71,1.5457,0.8879
20150911,6.3735,120.66,1.5426,0.882
20150914,6.3664,119.92,1.5423,0.8844
20150915,6.3685,120.3,1.5352,0.8881
20150916,6.3694,120.62,1.5499,0.8846
20150917,6.3645,120.9,1.5509,0.884
20150918,6.3628,119.85,1.5573,0.8804
20150921,6.3676,120.46,1.5506,0.8925
20150922,6.375,120.04,1.5356,0.8982
20150923,6.3836,120.12,1.5243,0.8961
20150924,6.3818,119.54,1.5254,0.8887
20150925,6.3737,120.74,1.5172,0.8935
20150928,6.3685,119.82,1.5208,0.89
20150929,6.3621,119.76,1.5168,0.8892
20150930,6.3556,119.81,1.5116,0.8959
20151001,6.3559,119.58,1.5162,0.8929
20151002,6.3559,119.42,1.5216,0.8868
20151005,6.3559,120.36,1.5165,0.8929
20151006,6.3559,120.18,1.5227,0.8876
20151007,6.3559,119.9,1.5315,0.889
20151008,6.3529,119.94,1.5316,0.8864
20151009,6.345,120.3,1.5315,0.88
20151012,,,,
20151013,6.3417,119.8,1.5242,0.8786
20151014,6.3462,119.21,1.5445,0.8744
20151015,6.3459,118.26,1.5475,0.8758
20151016,6.3523,119.6,1.5441,0.8803
20151019,6.3591,119.5,1.5471,0.8834
20151020,6.348,119.79,1.547,0.8804
20151021,6.3487,119.91,1.5463,0.8814
20151022,6.3577,120.5,1.5399,0.8977
20151023,6.3488,121.2,1.534,0.9078
20151026,6.3517,120.87,1.5361,0.9049
20151027,6.3517,120.29,1.5312,0.9048
20151028,6.3581,120.56,1.5319,0.9037
20151029,6.3552,121.14,1.5296,0.9122
20151030,6.318,120.7,1.5445,0.9056
20151102,6.318,120.7,1.5428,0.9069
20151103,6.318,121.2,1.5404,0.9136
20151104,6.3357,121.52,1.5377,0.9207
20151105,6.318,121.71,1.5236,0.92
20151106,6.318,123.2,1.5071,0.9306
20151109,6.3619,123.04,1.5124,0.9288
20151110,6.3603,123.22,1.511,0.9358
20151111,,,,
20151112,6.369,122.84,1.5206,0.9287
20151113,6.3735,122.93,1.5208,0.9327
20151116,6.37,123.11,1.5204,0.9339
20151117,6.3771,123.48,1.5214,0.9404
20151118,6.3834,123.51,1.521,0.94
20151119,6.3825,122.71,1.5327,0.9306
20151120,6.3835,122.8,1.5199,0.9381
20151123,6.389,123.02,1.5125,0.9432
20151124,6.3883,122.47,1.5057,0.9388
20151125,6.3877,122.7,1.5109,0.942
20151126,,,,
20151127,6.3945,122.84,1.504,0.9438
20151130,6.3883,123.22,1.5044,0.9468
20151201,6.3883,122.88,1.5074,0.9416
20151202,6.3883,123.52,1.4927,0.9458
20151203,6.3883,123.06,1.5088,0.9173
20151204,6.3883,123.1,1.51,0.9188
20151207,6.4081,123.31,1.5076,0.9225
20151208,6.4162,123,1.5,0.9195
20151209,6.427,121.86,1.5168,0.9104
20151210,6.4363,121.44,1.5176,0.9134
20151211,6.4538,120.94,1.5213,0.9089
20151214,6.4588,120.57,1.513,0.907
20151215,6.46,121.66,1.5044,0.9165
20151216,6.4723,121.88,1.5013,0.9143
20151217,6.4822,122.75,1.4876,0.9256
20151218,6.48,121.2,1.4914,0.9219
20151221,6.4793,120.99,1.4906,0.9158
20151222,6.4778,120.94,1.4811,0.9109
20151223,6.4763,120.94,1.4863,0.9195
20151224,6.4758,120.32,1.4943,0.9128
20151225,,,,
20151228,6.4778,120.3,1.4883,0.9105
20151229,6.4778,120.44,1.4794,0.9161
20151230,6.4896,120.6,1.4832,0.9164
20151231,6.4778,120.27,1.4746,0.9209
20160101,,,,
20160104,6.5338,119.3,1.4686,0.9257
20160105,6.5219,118.95,1.4664,0.9308
20160106,6.5554,118.54,1.4626,0.9292
20160107,6.5926,118,1.4579,0.9208
20160108,6.5932,117.74,1.4523,0.9187
20160111,6.5675,117.48,1.4564,0.9193
20160112,6.57,117.78,1.4403,0.9228
20160113,6.57,118.06,1.447,0.9206
20160114,6.5891,118.03,1.4409,0.9206
20160115,6.584,116.78,1.4289,0.9121
20160118,,,,
20160119,6.5783,117.66,1.4171,0.9169
20160120,6.5781,116.38,1.4167,0.9168
20160121,6.5794,117.61,1.4198,0.9231
20160122,6.5788,118.37,1.4308,0.9247
20160125,6.579,118.55,1.4245,0.9232
20160126,6.5814,118.5,1.4342,0.922
20160127,6.5773,118.9,1.4261,0.9202
20160128,6.5744,118.61,1.4351,0.9131
20160129,6.5752,121.05,1.4184,0.9232
20160201,6.5778,121.06,1.4367,0.9184
20160202,6.5795,120.27,1.4399,0.9168
20160203,6.5765,117.92,1.4576,0.9049
20160204,6.5638,116.75,1.458,0.8929
20160205,6.571,116.99,1.4468,0.8984
20160208,6.571,115.7,1.4415,0.8953
20160209,6.571,114.8,1.4473,0.885
20160210,6.571,114.03,1.4473,0.8911
20160211,6.571,111.72,1.4448,0.8801
20160212,6.571,112.96,1.446,0.8901
20160215,,,,
20160216,6.5154,113.9,1.429,0.8977
20160217,6.527,114.14,1.4317,0.8977
20160218,6.5163,113.62,1.4333,0.9016
20160219,6.5202,112.42,1.4343,0.8987
20160222,6.5197,113.12,1.4157,0.9076
20160223,6.5263,112.17,1.404,0.9078
20160224,6.529,111.36,1.3932,0.9074
20160225,6.532,112.7,1.3937,0.9069
20160226,6.539,113.78,1.3867,0.9147
20160229,6.5525,112.9,1.3926,0.9201
20160301,6.55,113.94,1.3948,0.9219
20160302,6.5499,113.81,1.4059,0.9221
20160303,6.5312,113.53,1.4152,0.9134
20160304,6.5064,113.91,1.4226,0.9083
20160307,6.5155,113.6,1.4256,0.9088
20160308,6.5044,112.58,1.4225,0.9068
20160309,6.5105,113.06,1.4236,0.9073
20160310,6.507,113.1,1.4306,0.8959
20160311,6.494,113.66,1.4426,0.8945
20160314,6.4984,113.59,1.4324,0.9003
20160315,6.511,112.88,1.4166,0.8999
20160316,6.5189,113.69,1.41,0.9029
20160317,6.4745,111.3,1.449,0.8837
20160318,6.4682,111.38,1.4514,0.8856
20160321,6.4812,111.62,1.4402,0.8881
20160322,6.4876,111.82,1.4217,0.8906
20160323,6.5035,112.63,1.4111,0.8949
20160324,6.5124,112.64,1.4143,0.8958
20160325,6.5131,113.05,1.4131,0.8957
20160328,6.5051,113.29,1.425,0.8921
20160329,6.5063,113.33,1.4281,0.8925
20160330,6.4648,112.6,1.439,0.8826
20160331,6.448,112.42,1.4381,0.878
20160401,6.4776,112.06,1.4204,0.8783
20160404,6.4776,111.18,1.4279,0.8783
20160405,6.476,110.26,1.4149,0.8792
20160406,6.478,109.63,1.4162,0.8749
20160407,6.4599,107.98,1.4082,0.8783
20160408,6.4628,108.36,1.4105,0.8767
20160411,6.458,107.96,1.424,0.8763
20160412,6.4639,108.54,1.4244,0.8776
20160413,6.4768,109.21,1.4223,0.8864
20160414,6.481,109.2,1.4148,0.8879
20160415,6.473,108.76,1.4217,0.8853
20160418,6.4717,108.85,1.4276,0.8832
20160419,6.4571,109.16,1.4396,0.8791
20160420,6.4675,109.51,1.4375,0.8826
20160421,6.481,109.41,1.4338,0.8849
20160422,6.5004,111.5,1.439,0.8898
20160425,6.49,111.08,1.4492,0.887
20160426,6.4905,111.23,1.4611,0.8835
20160427,6.494,111.26,1.4554,0.8832
20160428,6.4735,108.55,1.4581,0.883
20160429,6.4738,106.9,1.4625,0.874
20160502,6.4738,106.48,1.4666,0.8684
20160503,6.49,106.34,1.4543,0.869
20160504,6.4945,107.12,1.4475,0.8706
20160505,6.5032,107.32,1.4486,0.8769
20160506,6.497,106.66,1.4439,0.8756
20160509,6.514,108.39,1.4409,0.877
20160510,6.515,109.22,1.4454,0.8783
20160511,6.491,108.48,1.448,0.8738
20160512,6.514,108.73,1.4452,0.8787
20160513,6.5285,109.14,1.4369,0.8854
20160516,6.5184,108.89,1.4411,0.8828
20160517,6.517,109.02,1.4485,0.8821
20160518,6.537,109.65,1.4615,0.8868
20160519,6.544,109.81,1.4608,0.8917
20160520,6.5485,110.52,1.4513,0.8923
20160523,6.5533,109.47,1.4444,0.8935
20160524,6.5552,110,1.4623,0.8973
20160525,6.5538,110.22,1.4694,0.8965
20160526,6.554,109.74,1.4673,0.8941
20160527,6.5615,109.86,1.4644,0.8977
20160530,,,,
20160531,6.5798,110.75,1.453,0.8981
20160601,6.5748,109.55,1.4395,0.8957
20160602,6.5815,108.75,1.4419,0.8963
20160603,6.5638,106.88,1.4521,0.8826
20160606,6.5611,107.33,1.445,0.8807
20160607,6.571,107.3,1.4564,0.8811
20160608,6.56,106.68,1.4546,0.8772
20160609,6.559,106.54,1.4467,0.8827
20160610,6.559,107.06,1.4342,0.8864
20160613,6.5823,106.07,1.4223,0.8864
20160614,6.593,106.02,1.413,0.8924
20160615,6.5785,105.87,1.4185,0.8898
20160616,6.5899,104.05,1.4075,0.8962
20160617,6.5849,104.2,1.4285,0.8884
20160620,6.5768,104.32,1.4688,0.8835
20160621,6.5893,104.56,1.4668,0.8879
20160622,6.575,104.56,1.4682,0.8861
20160623,6.574,105.9,1.48,0.8793
20160624,6.615,102.26,1.3639,0.8988
20160627,6.6481,101.66,1.3217,0.9071
20160628,6.645,102.71,1.3294,0.9046
20160629,6.635,102.68,1.351,0.8995
20160630,6.6459,102.77,1.3242,0.9065
20160701,6.6547,102.55,1.3281,0.8973
20160704,,,,
20160705,6.677,101.58,1.3021,0.9025
20160706,6.69,101.12,1.2921,0.9028
20160707,6.679,100.74,1.2926,0.9038
20160708,6.6878,100.65,1.2938,0.906
20160711,6.6917,102.66,1.2986,0.9054
20160712,6.686,104.72,1.3237,0.903
20160713,6.6832,104.1,1.318,0.8999
20160714,6.6801,105.4,1.3332,0.9002
20160715,6.6865,105.64,1.3194,0.9042
20160718,6.7013,106,1.3279,0.9029
20160719,6.6931,106.13,1.3123,0.9079
20160720,6.676,106.65,1.3179,0.9085
20160721,6.6735,105.98,1.3216,0.9078
20160722,6.676,106.22,1.3091,0.9117
20160725,6.6783,106.02,1.313,0.9107
20160726,6.669,104.83,1.3133,0.9104
20160727,6.668,105.65,1.3094,0.9101
20160728,6.6538,104.86,1.3151,0.9014
20160729,6.6371,102.32,1.327,0.8954
20160801,6.6421,102.26,1.3209,0.8948
20160802,6.6239,100.82,1.3326,0.8909
20160803,6.632,101.34,1.3335,0.8953
20160804,6.6388,101.08,1.3143,0.8981
20160805,6.653,101.74,1.3069,0.9025
20160808,6.6597,102.53,1.3042,0.9027
20160809,6.653,101.96,1.301,0.9001
20160810,6.6345,101.27,1.2998,0.8952
20160811,6.6274,101.46,1.296,0.8954
20160812,6.6324,101.01,1.2934,0.8951
20160815,6.637,101.02,1.2874,0.8929
20160816,6.624,100.28,1.3019,0.8868
20160817,6.6328,100.24,1.3012,0.8879
20160818,6.6297,100.07,1.3147,0.8823
20160819,6.6515,100.24,1.3061,0.8829
20160822,6.6475,100.25,1.3133,0.8839
20160823,6.6378,100.2,1.3179,0.8843
20160824,6.6562,100.5,1.3236,0.8884
20160825,6.656,100.58,1.3177,0.887
20160826,6.669,101.2,1.3168,0.8899
20160829,6.6775,102.13,1.3089,0.8943
20160830,6.6778,102.92,1.3084,0.8969
20160831,6.6776,103.38,1.3129,0.8972
20160901,6.6713,103.22,1.3273,0.8933
20160902,6.679,104.18,1.3299,0.8962
20160905,,,,
20160906,6.6722,102.28,1.3429,0.8899
20160907,6.66,101.72,1.3339,0.8898
20160908,6.664,102.28,1.3301,0.8884
20160909,6.6778,102.86,1.3257,0.8917
20160912,6.6788,101.96,1.3313,0.8905
20160913,6.6782,102.14,1.3184,0.8895
20160914,6.6707,102.33,1.3204,0.8872
20160915,6.6707,102.24,1.3215,0.8892
20160916,6.6707,102.36,1.309,0.8961
20160919,6.665,101.82,1.3051,0.8945
20160920,6.67,101.66,1.2974,0.8951
20160921,6.6695,100.62,1.2978,0.8957
20160922,6.663,100.8,1.3092,0.8906
20160923,6.669,101.04,1.2959,0.891
20160926,6.6683,100.34,1.2978,0.8873
20160927,6.6691,100.36,1.3005,0.8922
20160928,6.673,100.57,1.2996,0.8929
20160929,6.665,101.48,1.2991,0.8894
20160930,6.6685,101.21,1.3015,0.8898
20161003,6.6685,101.54,1.284,0.8921
20161004,6.6685,102.66,1.2746,0.8919
20161005,6.6685,103.53,1.2745,0.8932
20161006,6.6685,104.02,1.2647,0.8962
20161007,6.6685,103.42,1.2434,0.8964
20161010,,,,
20161011,6.719,103.36,1.2218,0.904
20161012,6.718,104.48,1.2195,0.9079
20161013,6.7248,103.62,1.2201,0.906
20161014,6.7277,104.1,1.2189,0.9103
20161017,6.735,103.96,1.2186,0.9091
20161018,6.7401,103.8,1.231,0.9093
20161019,6.737,103.3,1.2279,0.9119
20161020,6.7439,103.92,1.2256,0.9146
20161021,6.7654,103.96,1.221,0.9203
20161024,6.7728,104.2,1.2204,0.9184
20161025,6.778,104.25,1.2164,0.9183
20161026,6.7706,104.42,1.2234,0.9161
20161027,6.7819,105.14,1.2173,0.9171
20161028,6.776,105.4,1.2155,0.9146
20161031,6.7735,105.07,1.2212,0.9122
20161101,6.763,104.59,1.2218,0.9056
20161102,6.7606,103.22,1.2315,0.8994
20161103,6.7612,103.17,1.2454,0.9014
20161104,6.7534,103.02,1.2546,0.8992
20161107,6.774,104.6,1.2403,0.906
20161108,6.784,104.98,1.2372,0.9063
20161109,6.7769,104.84,1.2474,0.9131
20161110,6.7987,106.56,1.2523,0.9189
20161111,,,,
20161114,6.8447,108.3,1.2469,0.9326
20161115,6.8556,108.94,1.2422,0.9323
20161116,6.877,109.16,1.245,0.9347
20161117,6.8674,109.64,1.245,0.9384
20161118,6.8873,110.51,1.2327,0.9434
20161121,6.8918,111.12,1.2474,0.9437
20161122,6.888,110.98,1.2424,0.9418
20161123,6.9195,112.58,1.2458,0.947
20161124,,,,
20161125,6.9176,113.17,1.2462,0.9438
20161128,6.9055,112.36,1.2411,0.9455
20161129,6.8933,112.78,1.2505,0.9411
20161130,6.8837,114.34,1.2481,0.9454
20161201,6.883,114.34,1.2596,0.9404
20161202,6.883,113.76,1.2685,0.9376
20161205,6.8775,114.1,1.2708,0.9326
20161206,6.879,113.98,1.2706,0.9331
20161207,6.878,113.5,1.2604,0.9295
20161208,6.8771,114.16,1.2574,0.9412
20161209,6.9042,115.17,1.259,0.9487
20161212,6.9045,115.34,1.2677,0.9429
20161213,6.8984,115.26,1.2685,0.9403
20161214,6.9025,115.06,1.2706,0.9384
20161215,6.941,118.32,1.2389,0.9639
20161216,6.958,117.74,1.2478,0.9564
20161219,6.9506,116.6,1.2419,0.9575
20161220,6.947,117.86,1.2358,0.9625
20161221,6.939,117.79,1.2348,0.9592
20161222,6.9473,117.48,1.2301,0.9568
20161223,6.9432,117.22,1.2252,0.957
20161226,,,,
20161227,6.9491,117.52,1.2261,0.9562
20161228,6.9559,117.66,1.2222,0.9626
20161229,6.9535,116.32,1.2237,0.9537
20161230,6.943,116.78,1.2337,0.9477
20170102,,,,
20170103,6.9575,117.68,1.2256,0.9601
20170104,6.9322,117.38,1.2299,0.9546
20170105,6.887,115.46,1.2415,0.9436
20170106,6.9176,116.85,1.2314,0.947
20170109,6.935,116.07,1.2167,0.9455
20170110,6.918,115.74,1.2165,0.9459
20170111,6.9365,116.26,1.2118,0.9523
20170112,6.889,113.87,1.2211,0.9376
20170113,6.8985,115.03,1.2198,0.9412
20170116,,,,
20170117,6.852,112.96,1.2388,0.935
20170118,6.836,113.4,1.2309,0.9362
20170119,6.868,115.3,1.2319,0.9407
20170120,,,,
20170123,6.8514,112.9,1.2485,0.9311
20170124,6.8555,113.63,1.2531,0.9303
20170125,6.8812,113.6,1.262,0.9308
20170126,6.8768,114.7,1.2579,0.9372
20170127,6.8768,115.16,1.2531,0.9355
20170130,6.8768,113.86,1.2478,0.9362
20170131,6.8768,112.72,1.2585,0.9264
20170201,6.8768,113.29,1.2643,0.9295
20170202,6.8768,112.48,1.2541,0.9258
20170203,6.865,112.42,1.2504,0.9266
20170206,6.86,112.32,1.245,0.9319
20170207,6.8821,112.14,1.2486,0.9355
20170208,6.87,111.74,1.2543,0.9339
20170209,6.866,113.24,1.2516,0.9383
20170210,6.8775,113.22,1.2502,0.939
20170213,6.8776,113.79,1.251,0.9431
20170214,6.8649,114.34,1.2465,0.9454
20170215,6.8685,114.17,1.2465,0.9437
20170216,6.8517,113.36,1.2477,0.9381
20170217,6.864,112.86,1.2428,0.9422
20170220,,,,
20170221,6.881,113.48,1.2465,0.9478
20170222,6.8765,113.46,1.2456,0.9474
20170223,6.8622,112.68,1.2548,0.9446
20170224,6.8645,112.26,1.2499,0.9452
20170227,6.8675,112.01,1.2473,0.9413
20170228,6.8665,112.06,1.2427,0.9418
20170301,6.8794,113.66,1.2318,0.9466
20170302,6.8868,114.45,1.2267,0.9511
20170303,6.8954,114.6,1.2249,0.9477
20170306,6.8955,113.92,1.2243,0.9446
20170307,6.9,113.99,1.2209,0.945
20170308,6.9113,114.58,1.2152,0.9481
20170309,6.9086,114.71,1.2166,0.9446
20170310,6.905,115.02,1.2158,0.9375
20170313,6.905,114.61,1.2234,0.9372
20170314,6.913,114.63,1.2168,0.9394
20170315,6.9132,114.66,1.2222,0.9407
20170316,6.913,113.02,1.237,0.9313
20170317,6.9,112.67,1.2372,0.9309
20170320,6.905,112.59,1.2365,0.9299
20170321,6.883,111.9,1.2479,0.9251
20170322,6.8785,111.06,1.2476,0.9259
20170323,6.8843,111.12,1.2526,0.927
20170324,6.8803,111.03,1.2491,0.9254
20170327,6.8687,110.48,1.2583,0.9189
20170328,6.8779,110.56,1.2503,0.9215
20170329,6.8879,111.05,1.2411,0.9297
20170330,6.887,111.36,1.2489,0.9323
20170331,6.8832,111.41,1.2537,0.9348
20170403,6.8832,110.96,1.2479,0.9385
20170404,6.8832,110.74,1.2437,0.9377
20170405,6.892,111.2,1.2488,0.938
20170406,6.8955,111.02,1.2486,0.9389
20170407,6.8978,110.76,1.2398,0.942
20170410,6.8988,110.95,1.2418,0.9429
20170411,6.8893,109.74,1.2484,0.9422
20170412,6.889,109.54,1.25,0.9424
20170413,6.8865,109.23,1.2522,0.9407
20170414,6.8835,108.63,1.2531,0.9412
20170417,6.88,108.46,1.2587,0.9381
20170418,6.8778,108.4,1.2769,0.9341
20170419,6.886,109.06,1.2789,0.934
20170420,6.88,109.34,1.283,0.9295
20170421,6.8845,109.08,1.2783,0.9351
20170424,6.884,109.74,1.2783,0.922
20170425,6.8824,110.88,1.2836,0.914
20170426,6.8918,111.52,1.2838,0.9198
20170427,6.8958,111.13,1.2889,0.9205
20170428,6.89,111.44,1.2938,0.9179
20170501,6.89,111.78,1.2917,0.9164
20170502,6.8949,112.06,1.2921,0.9166
20170503,6.8968,112.34,1.2916,0.9158
20170504,6.8959,112.7,1.291,0.9118
20170505,6.9021,112.63,1.295,0.9094
20170508,6.904,112.84,1.2942,0.9151
20170509,6.906,114.19,1.2939,0.9195
20170510,6.9011,114.02,1.2939,0.9197
20170511,6.9033,113.77,1.2885,0.92
20170512,6.8972,113.3,1.288,0.9152
20170515,6.89,113.54,1.2917,0.9108
20170516,6.884,113.24,1.2912,0.9032
20170517,6.8773,111.46,1.2944,0.8981
20170518,6.888,110.82,1.3009,0.8985
20170519,6.883,111.47,1.3018,0.8937
20170522,6.8828,111.15,1.3006,0.89
20170523,6.888,111.64,1.2984,0.893
20170524,6.8883,112.02,1.2935,0.8949
20170525,6.8672,111.7,1.2954,0.8914
20170526,6.8525,111.3,1.2795,0.8953
20170529,,,,
20170530,6.8525,110.68,1.2858,0.8942
20170531,6.8098,110.71,1.2905,0.89
20170601,6.8029,111.24,1.2894,0.8917
20170602,6.8085,110.49,1.2885,0.8873
20170605,6.803,110.49,1.2917,0.8889
20170606,6.7945,109.34,1.2901,0.8876
20170607,6.7935,109.54,1.2941,0.89
20170608,6.799,110.1,1.2939,0.8915
20170609,6.797,110.61,1.2737,0.8937
20170612,6.7974,109.72,1.2658,0.8925
20170613,6.7981,110.12,1.2739,0.8933
20170614,6.7888,109.16,1.2808,0.8868
20170615,6.8061,110.66,1.2768,0.8967
20170616,6.8097,110.84,1.2778,0.8933
20170619,6.818,111.34,1.2743,0.8961
20170620,6.8285,111.46,1.2628,0.899
20170621,6.8275,111.58,1.2667,0.8974
20170622,6.8275,111.36,1.2659,0.897
20170623,6.8345,111.26,1.2727,0.8932
20170626,6.8382,111.48,1.2732,0.8932
20170627,6.81,112.42,1.2791,0.885
20170628,6.7984,112.18,1.2936,0.88
20170629,6.784,112.32,1.2984,0.8757
20170630,6.7793,112.4,1.2995,0.8763
20170703,6.7984,113.32,1.2951,0.8797
20170704,,,,
20170705,6.7995,113.2,1.2934,0.8821
20170706,6.799,113.28,1.2967,0.8765
20170707,6.8039,114.1,1.288,0.8775
20170710,6.8026,114.08,1.2884,0.8775
20170711,6.801,114.2,1.2851,0.8749
20170712,6.7865,113.19,1.2889,0.8763
20170713,6.7825,113.39,1.2921,0.8783
20170714,6.7741,112.66,1.3079,0.8732
20170717,6.769,112.76,1.3058,0.8718
20170718,6.7451,111.89,1.3026,0.8637
20170719,6.7511,111.77,1.3036,0.8682
20170720,6.757,111.68,1.2976,0.8595
20170721,6.7663,111.18,1.2968,0.858
20170724,6.7488,111.1,1.3028,0.859
20170725,6.7495,111.57,1.3046,0.8579
20170726,6.753,112.1,1.3048,0.8597
20170727,6.741,111.62,1.3065,0.8579
20170728,6.7362,110.87,1.3124,0.8508
20170731,6.724,110.38,1.3196,0.8456
20170801,6.717,110.33,1.3206,0.8475
20170802,6.72,110.43,1.3236,0.8431
20170803,6.715,110.12,1.3144,0.8418
20170804,6.7272,110.76,1.3036,0.8508
20170807,6.7207,110.76,1.3021,0.8483
20170808,6.7049,110.74,1.2968,0.853
20170809,6.672,110.04,1.2997,0.8512
20170810,6.646,109.37,1.2978,0.851
20170811,6.6612,109.06,1.2988,0.8467
20170814,6.6695,109.48,1.2975,0.8485
20170815,6.6845,110.42,1.2862,0.8521
20170816,6.69,110.8,1.286,0.8545
20170817,6.673,109.88,1.2888,0.8521
20170818,6.67,109.32,1.2847,0.8512
20170821,6.663,108.89,1.2903,0.8465
20170822,6.66,109.4,1.2834,0.8502
20170823,6.6569,109.14,1.2787,0.8473
20170824,6.66,109.34,1.2802,0.8474
20170825,6.6465,109.24,1.2873,0.8422
20170828,6.6084,109.22,1.2927,0.8352
20170829,6.5945,109.02,1.2937,0.8316
20170830,6.5918,110.2,1.2934,0.8384
20170831,6.5888,110.06,1.2888,0.8408
20170901,6.5552,110.09,1.2972,0.8419
20170904,,,,
20170905,6.5345,108.94,1.3013,0.8396
20170906,6.5221,108.75,1.3073,0.8373
20170907,6.483,108.26,1.3094,0.8314
20170908,6.4773,107.72,1.3211,0.8305
20170911,6.5254,109.03,1.3173,0.8358
20170912,6.5334,110.01,1.328,0.8356
20170913,6.54,110.58,1.3218,0.8405
20170914,6.552,110.66,1.3398,0.8413
20170915,6.55,110.84,1.3578,0.8362
20170918,6.5725,111.48,1.3485,0.8377
20170919,6.58,111.49,1.3517,0.8347
20170920,6.57,111.5,1.3564,0.8335
20170921,6.5861,112.3,1.3576,0.8371
20170922,6.5899,112.01,1.3531,0.8355
20170925,6.6189,111.64,1.3457,0.8437
20170926,6.6371,112.16,1.3422,0.8495
20170927,6.64,112.76,1.3401,0.8513
20170928,6.6591,112.66,1.3435,0.8492
20170929,6.6533,112.64,1.3402,0.8465
